image_file,image_url,used_on_pages
/Users/Hannah/clawd/projects/phishbyhannah/static/brand/Phish-icon-field.png,/brand/Phish-icon-field.png,/; /about/; /categories/; /categories/updates/; /contact/; /copyright/; /en/; /en/about/; /field/; /posts/; /posts/2026-01-26-hello-ocean/; /posts/2026-02-10-ocean-update/; /project/; /services/; /services/brands/; /services/resorts/; /services/social-media/; /services/the-breakwater/; /services/the-current/; /services/the-surge/; /services/the-swell/; /tags/; /tags/placeholder/; /tags/temporary/; /who-is-phish/; /works/
/Users/Hannah/clawd/projects/phishbyhannah/static/brand/Phish-icon-works.png,/brand/Phish-icon-works.png,/; /about/; /categories/; /categories/updates/; /contact/; /copyright/; /en/; /en/about/; /field/; /posts/; /posts/2026-01-26-hello-ocean/; /posts/2026-02-10-ocean-update/; /project/; /services/; /services/brands/; /services/resorts/; /services/social-media/; /services/the-breakwater/; /services/the-current/; /services/the-surge/; /services/the-swell/; /tags/; /tags/placeholder/; /tags/temporary/; /who-is-phish/; /works/
/Users/Hannah/clawd/projects/phishbyhannah/static/brand/phish-icon-whoisphish.png,/brand/phish-icon-whoisphish.png,/; /about/; /categories/; /categories/updates/; /contact/; /copyright/; /en/; /en/about/; /field/; /posts/; /posts/2026-01-26-hello-ocean/; /posts/2026-02-10-ocean-update/; /project/; /services/; /services/brands/; /services/resorts/; /services/social-media/; /services/the-breakwater/; /services/the-current/; /services/the-surge/; /services/the-swell/; /tags/; /tags/placeholder/; /tags/temporary/; /who-is-phish/; /works/
/Users/Hannah/clawd/projects/phishbyhannah/static/brand/phish-logo-whitetp.png,/brand/phish-logo-whitetp.png,/; /about/; /categories/; /categories/updates/; /contact/; /copyright/; /en/; /en/about/; /field/; /posts/; /posts/2026-01-26-hello-ocean/; /posts/2026-02-10-ocean-update/; /project/; /services/; /services/brands/; /services/resorts/; /services/social-media/; /services/the-breakwater/; /services/the-current/; /services/the-surge/; /services/the-swell/; /tags/; /tags/placeholder/; /tags/temporary/; /who-is-phish/; /works/
/Users/Hannah/clawd/projects/phishbyhannah/static/images/hero/phish-heroimage-commercialcollab.JPG,/images/hero/phish-heroimage-commercialcollab.JPG,/works/
/Users/Hannah/clawd/projects/phishbyhannah/static/images/hero/phish-heroimage-contact2.jpg,/images/hero/phish-heroimage-contact2.jpg,/contact/
/Users/Hannah/clawd/projects/phishbyhannah/static/images/journey/phish-journey-food-004.jpg,/images/journey/phish-journey-food-004.jpg,/about/
/Users/Hannah/clawd/projects/phishbyhannah/static/images/journey/phish-journey-view-raja-2024-005.jpg,/images/journey/phish-journey-view-raja-2024-005.jpg,/works/
/Users/Hannah/clawd/projects/phishbyhannah/static/images/journey/phish-journey-view-raja-2024-006.jpg,/images/journey/phish-journey-view-raja-2024-006.jpg,/works/
/Users/Hannah/clawd/projects/phishbyhannah/static/images/peopleinplace/Phish-peopleinplaces-Bumble-ningaloo-2025-006.jpg,/images/peopleinplace/Phish-peopleinplaces-Bumble-ningaloo-2025-006.jpg,/works/
/Users/Hannah/clawd/projects/phishbyhannah/static/images/peopleinplace/Phish-peopleinplaces-Sanch-ningaloo-2024-001.jpg,/images/peopleinplace/Phish-peopleinplaces-Sanch-ningaloo-2024-001.jpg,/works/
/Users/Hannah/clawd/projects/phishbyhannah/static/images/peopleinplace/Phish-peopleinplaces-Sanch-ningaloo-2024-002.jpg,/images/peopleinplace/Phish-peopleinplaces-Sanch-ningaloo-2024-002.jpg,/works/
/Users/Hannah/clawd/projects/phishbyhannah/static/images/peopleinplace/Phish-peopleinplaces-Winkie-ningaloo-2024-001.jpg,/images/peopleinplace/Phish-peopleinplaces-Winkie-ningaloo-2024-001.jpg,/works/
/Users/Hannah/clawd/projects/phishbyhannah/static/images/peopleinplace/Phish-peopleinplaces-Winkie-ningaloo-2024-002.jpg,/images/peopleinplace/Phish-peopleinplaces-Winkie-ningaloo-2024-002.jpg,/works/
/Users/Hannah/clawd/projects/phishbyhannah/static/images/peopleinplace/Phish-peopleinplaces-Winkie-ningaloo-2024-003.jpg,/images/peopleinplace/Phish-peopleinplaces-Winkie-ningaloo-2024-003.jpg,/works/
/Users/Hannah/clawd/projects/phishbyhannah/static/images/peopleinplace/Phish-peopleinplaces-Winkie-ningaloo-2024-004.jpg,/images/peopleinplace/Phish-peopleinplaces-Winkie-ningaloo-2024-004.jpg,/works/
/Users/Hannah/clawd/projects/phishbyhannah/static/images/peopleinplace/phish-Peopleinplace-miesa-ningaloo-2025-001.jpg,/images/peopleinplace/phish-Peopleinplace-miesa-ningaloo-2025-001.jpg,/about/
/Users/Hannah/clawd/projects/phishbyhannah/static/images/peopleinplace/phish-peopleinplace-ethan.001.JPG,/images/peopleinplace/phish-peopleinplace-ethan.001.JPG,/works/
/Users/Hannah/clawd/projects/phishbyhannah/static/images/waterhabitat/phish-waterhabitat-leopardshark-ningaloo-2025.006.jpg,/images/waterhabitat/phish-waterhabitat-leopardshark-ningaloo-2025.006.jpg,/who-is-phish/
/Users/Hannah/clawd/projects/phishbyhannah/static/images/waterhabitat/phish-waterhabitat-turtle-ningaloo-2025-002.jpg,/images/waterhabitat/phish-waterhabitat-turtle-ningaloo-2025-002.jpg,/about/
