image_file,image_url,used_on_pages,source_referenced_in,status
/Users/Hannah/clawd/projects/phish-waterhabitat-fish-raja-2024-001.jpg,(workspace) phish-waterhabitat-fish-raja-2024-001.jpg,,,UNUSED
/Users/Hannah/clawd/projects/phishbyhannah/assets/images/phish-heroimage-whale2.png,(assets) assets/images/phish-heroimage-whale2.png,,,UNUSED
/Users/Hannah/clawd/projects/phishbyhannah/assets/img/logo.jpg,(assets) assets/img/logo.jpg,,,UNUSED
/Users/Hannah/clawd/projects/phishbyhannah/assets/img/phishbyhannah_profile.jpg,(assets) assets/img/phishbyhannah_profile.jpg,,,UNUSED
/Users/Hannah/clawd/projects/phishbyhannah/static/brand/Phish-icon-about.png,/brand/Phish-icon-about.png,,,UNUSED
/Users/Hannah/clawd/projects/phishbyhannah/static/brand/phish-icon-Field-001.png,/brand/phish-icon-Field-001.png,,,UNUSED
/Users/Hannah/clawd/projects/phishbyhannah/static/brand/phish-logo-darkblue.svg,/brand/phish-logo-darkblue.svg,,,UNUSED
/Users/Hannah/clawd/projects/phishbyhannah/static/brand/phish-symbol-darkblue.svg,/brand/phish-symbol-darkblue.svg,,,UNUSED
/Users/Hannah/clawd/projects/phishbyhannah/static/brand/phish-wordmark-offwhite.svg,/brand/phish-wordmark-offwhite.svg,,,UNUSED
/Users/Hannah/clawd/projects/phishbyhannah/static/brand/phish-wordmark-white.svg,/brand/phish-wordmark-white.svg,,,UNUSED
/Users/Hannah/clawd/projects/phishbyhannah/static/images/hero/phish-heroimage-mobula.png,/images/hero/phish-heroimage-mobula.png,,,UNUSED
/Users/Hannah/clawd/projects/phishbyhannah/static/images/hero/phish-heroimage-whale2.png,/images/hero/phish-heroimage-whale2.png,,,UNUSED
/Users/Hannah/clawd/projects/phishbyhannah/static/images/journey/phish-Journey-me-Perth-2026-001.jpg,/images/journey/phish-Journey-me-Perth-2026-001.jpg,,,UNUSED
/Users/Hannah/clawd/projects/phishbyhannah/static/images/journey/phish-journey-view-raja-2024-002.jpg,/images/journey/phish-journey-view-raja-2024-002.jpg,,,UNUSED
/Users/Hannah/clawd/projects/phishbyhannah/static/images/journey/phish-journey-view-raja-2024-007.jpg,/images/journey/phish-journey-view-raja-2024-007.jpg,,,UNUSED
/Users/Hannah/clawd/projects/phishbyhannah/static/images/journey/phish-journey-view-tonga-2025-005.jpg,/images/journey/phish-journey-view-tonga-2025-005.jpg,,,UNUSED
/Users/Hannah/clawd/projects/phishbyhannah/static/images/journey/phish-journey-view-tonga-2025-011.jpg,/images/journey/phish-journey-view-tonga-2025-011.jpg,,,UNUSED
/Users/Hannah/clawd/projects/phishbyhannah/static/images/me/Phish-me-header.jpg,/images/me/Phish-me-header.jpg,,,UNUSED
/Users/Hannah/clawd/projects/phishbyhannah/static/images/me/phish-Me-whaleshark-ningaloo-2024-001.jpg,/images/me/phish-Me-whaleshark-ningaloo-2024-001.jpg,,,UNUSED
/Users/Hannah/clawd/projects/phishbyhannah/static/images/me/phish-journey-me-perth-2026-003-1.jpg,/images/me/phish-journey-me-perth-2026-003-1.jpg,,,UNUSED
/Users/Hannah/clawd/projects/phishbyhannah/static/images/peopleinplace/Phish-peopleinplaces-Blonde-esperance-2024-001.jpg,/images/peopleinplace/Phish-peopleinplaces-Blonde-esperance-2024-001.jpg,,,UNUSED
/Users/Hannah/clawd/projects/phishbyhannah/static/images/peopleinplace/Phish-peopleinplaces-Sanch-ningaloo-2024-003.jpg,/images/peopleinplace/Phish-peopleinplaces-Sanch-ningaloo-2024-003.jpg,,,UNUSED
/Users/Hannah/clawd/projects/phishbyhannah/static/images/peopleinplace/Phish-peopleinplaces-Sanch-ningaloo-2024-004.jpg,/images/peopleinplace/Phish-peopleinplaces-Sanch-ningaloo-2024-004.jpg,,,UNUSED
/Users/Hannah/clawd/projects/phishbyhannah/static/images/peopleinplace/Phish-peopleinplaces-Sanch-ningaloo-2024-005.jpg,/images/peopleinplace/Phish-peopleinplaces-Sanch-ningaloo-2024-005.jpg,,,UNUSED
/Users/Hannah/clawd/projects/phishbyhannah/static/images/peopleinplace/Phish-peopleinplaces-Sanch-ningaloo-2024-006.jpg,/images/peopleinplace/Phish-peopleinplaces-Sanch-ningaloo-2024-006.jpg,,,UNUSED
/Users/Hannah/clawd/projects/phishbyhannah/static/images/peopleinplace/phish-peopleinplace-emma-ningaloo-2024-002.jpg,/images/peopleinplace/phish-peopleinplace-emma-ningaloo-2024-002.jpg,,,UNUSED
/Users/Hannah/clawd/projects/phishbyhannah/static/images/peopleinplace/phish-peopleinplace-emma-ningaloo-2024-003.jpg,/images/peopleinplace/phish-peopleinplace-emma-ningaloo-2024-003.jpg,,,UNUSED
/Users/Hannah/clawd/projects/phishbyhannah/static/images/peopleinplace/phish-peopleinplace-emma-ningaloo-2024-005.jpg,/images/peopleinplace/phish-peopleinplace-emma-ningaloo-2024-005.jpg,,,UNUSED
/Users/Hannah/clawd/projects/phishbyhannah/static/images/peopleinplace/phish-peopleinplace-sally-raja-2024-003.jpg,/images/peopleinplace/phish-peopleinplace-sally-raja-2024-003.jpg,,,UNUSED
/Users/Hannah/clawd/projects/phishbyhannah/static/images/peopleinplace/phish-peopleinplace-sallybatfish-raja-2024-006.jpg,/images/peopleinplace/phish-peopleinplace-sallybatfish-raja-2024-006.jpg,,,UNUSED
/Users/Hannah/clawd/projects/phishbyhannah/static/images/peopleinplace/phish-peopleinplace-sallybatfish-raja-2024-007.jpg,/images/peopleinplace/phish-peopleinplace-sallybatfish-raja-2024-007.jpg,,,UNUSED
/Users/Hannah/clawd/projects/phishbyhannah/static/images/peopleinplace/phish-peopleinplace-sallybatfish-raja-2024-008.jpg,/images/peopleinplace/phish-peopleinplace-sallybatfish-raja-2024-008.jpg,,,UNUSED
/Users/Hannah/clawd/projects/phishbyhannah/static/images/peopleinplace/phish-peopleinplace-sallybatfish-raja-2024-009.jpg,/images/peopleinplace/phish-peopleinplace-sallybatfish-raja-2024-009.jpg,,,UNUSED
/Users/Hannah/clawd/projects/phishbyhannah/static/images/raja no 1-2.jpg,/images/raja no 1-2.jpg,,,UNUSED
/Users/Hannah/clawd/projects/phishbyhannah/static/images/waterhabitat/Phish-waterhabitiat-agua-Colombia-2025-001.jpg,/images/waterhabitat/Phish-waterhabitiat-agua-Colombia-2025-001.jpg,,,UNUSED
/Users/Hannah/clawd/projects/phishbyhannah/static/images/waterhabitat/phish-waterhabitat-Whale-tonga-2025-009.JPG,/images/waterhabitat/phish-waterhabitat-Whale-tonga-2025-009.JPG,,,UNUSED
/Users/Hannah/clawd/projects/phishbyhannah/static/images/waterhabitat/phish-waterhabitat-Whale-tonga-2025-009.JPG.JPG,/images/waterhabitat/phish-waterhabitat-Whale-tonga-2025-009.JPG.JPG,,,UNUSED
/Users/Hannah/clawd/projects/phishbyhannah/static/images/waterhabitat/phish-waterhabitat-Whale-tonga-2025-010.JPG,/images/waterhabitat/phish-waterhabitat-Whale-tonga-2025-010.JPG,,,UNUSED
/Users/Hannah/clawd/projects/phishbyhannah/static/images/waterhabitat/phish-waterhabitat-Whale-tonga-2025-011.JPG,/images/waterhabitat/phish-waterhabitat-Whale-tonga-2025-011.JPG,,,UNUSED
/Users/Hannah/clawd/projects/phishbyhannah/static/images/waterhabitat/phish-waterhabitat-Whale-tonga-2025-014.jpg,/images/waterhabitat/phish-waterhabitat-Whale-tonga-2025-014.jpg,,,UNUSED
/Users/Hannah/clawd/projects/phishbyhannah/static/images/waterhabitat/phish-waterhabitat-Whale-tonga-2025-015JPG.JPG,/images/waterhabitat/phish-waterhabitat-Whale-tonga-2025-015JPG.JPG,,,UNUSED
/Users/Hannah/clawd/projects/phishbyhannah/static/images/waterhabitat/phish-waterhabitat-Whale-tonga-2025-016.JPG,/images/waterhabitat/phish-waterhabitat-Whale-tonga-2025-016.JPG,,,UNUSED
/Users/Hannah/clawd/projects/phishbyhannah/static/images/waterhabitat/phish-waterhabitat-Whale-tonga-2025-017.JPG,/images/waterhabitat/phish-waterhabitat-Whale-tonga-2025-017.JPG,,,UNUSED
/Users/Hannah/clawd/projects/phishbyhannah/static/images/waterhabitat/phish-waterhabitat-Whale-tonga-2025-018.JPG,/images/waterhabitat/phish-waterhabitat-Whale-tonga-2025-018.JPG,,,UNUSED
/Users/Hannah/clawd/projects/phishbyhannah/static/images/waterhabitat/phish-waterhabitat-Whale-tonga-2025-019.JPG,/images/waterhabitat/phish-waterhabitat-Whale-tonga-2025-019.JPG,,,UNUSED
/Users/Hannah/clawd/projects/phishbyhannah/static/images/waterhabitat/phish-waterhabitat-Whale-tonga-2025-020.JPG,/images/waterhabitat/phish-waterhabitat-Whale-tonga-2025-020.JPG,,,UNUSED
/Users/Hannah/clawd/projects/phishbyhannah/static/images/waterhabitat/phish-waterhabitat-Whale-tonga-2025-021.JPG,/images/waterhabitat/phish-waterhabitat-Whale-tonga-2025-021.JPG,,,UNUSED
/Users/Hannah/clawd/projects/phishbyhannah/static/images/waterhabitat/phish-waterhabitat-Whale-tonga-2025-022.JPG,/images/waterhabitat/phish-waterhabitat-Whale-tonga-2025-022.JPG,,,UNUSED
/Users/Hannah/clawd/projects/phishbyhannah/static/images/waterhabitat/phish-waterhabitat-Whale-tonga-2025-023.JPG,/images/waterhabitat/phish-waterhabitat-Whale-tonga-2025-023.JPG,,,UNUSED
/Users/Hannah/clawd/projects/phishbyhannah/static/images/waterhabitat/phish-waterhabitat-Whale-tonga-2025-024.JPG,/images/waterhabitat/phish-waterhabitat-Whale-tonga-2025-024.JPG,,,UNUSED
/Users/Hannah/clawd/projects/phishbyhannah/static/images/waterhabitat/phish-waterhabitat-Whale-tonga-2025-025.JPG,/images/waterhabitat/phish-waterhabitat-Whale-tonga-2025-025.JPG,,,UNUSED
/Users/Hannah/clawd/projects/phishbyhannah/static/images/waterhabitat/phish-waterhabitat-Whale-tonga-2025-026.JPG,/images/waterhabitat/phish-waterhabitat-Whale-tonga-2025-026.JPG,,,UNUSED
/Users/Hannah/clawd/projects/phishbyhannah/static/images/waterhabitat/phish-waterhabitat-Whale-tonga-2025-027.JPG,/images/waterhabitat/phish-waterhabitat-Whale-tonga-2025-027.JPG,,,UNUSED
/Users/Hannah/clawd/projects/phishbyhannah/static/images/waterhabitat/phish-waterhabitat-Whale-tonga-2025-028.JPG,/images/waterhabitat/phish-waterhabitat-Whale-tonga-2025-028.JPG,,,UNUSED
/Users/Hannah/clawd/projects/phishbyhannah/static/images/waterhabitat/phish-waterhabitat-Whale-tonga-2025-029.JPG,/images/waterhabitat/phish-waterhabitat-Whale-tonga-2025-029.JPG,,,UNUSED
/Users/Hannah/clawd/projects/phishbyhannah/static/images/waterhabitat/phish-waterhabitat-Whaleguest-tonga-2025-001.jpg,/images/waterhabitat/phish-waterhabitat-Whaleguest-tonga-2025-001.jpg,,,UNUSED
/Users/Hannah/clawd/projects/phishbyhannah/static/images/waterhabitat/phish-waterhabitat-dolphin-ningaloo-2024-002.jpg,/images/waterhabitat/phish-waterhabitat-dolphin-ningaloo-2024-002.jpg,,,UNUSED
/Users/Hannah/clawd/projects/phishbyhannah/static/images/waterhabitat/phish-waterhabitat-fish-ningaloo-2025-001.jpg,/images/waterhabitat/phish-waterhabitat-fish-ningaloo-2025-001.jpg,,,UNUSED
/Users/Hannah/clawd/projects/phishbyhannah/static/images/waterhabitat/phish-waterhabitat-fish-raja-2024-001.jpg,/images/waterhabitat/phish-waterhabitat-fish-raja-2024-001.jpg,,,UNUSED
/Users/Hannah/clawd/projects/phishbyhannah/static/images/waterhabitat/phish-waterhabitat-leopardshark-ningaloo-2025-001.jpg,/images/waterhabitat/phish-waterhabitat-leopardshark-ningaloo-2025-001.jpg,,,UNUSED
/Users/Hannah/clawd/projects/phishbyhannah/static/images/waterhabitat/phish-waterhabitat-leopardshark-ningaloo-2025-002.jpg,/images/waterhabitat/phish-waterhabitat-leopardshark-ningaloo-2025-002.jpg,,,UNUSED
/Users/Hannah/clawd/projects/phishbyhannah/static/images/waterhabitat/phish-waterhabitat-leopardshark-ningaloo-2025-003.jpg,/images/waterhabitat/phish-waterhabitat-leopardshark-ningaloo-2025-003.jpg,,,UNUSED
/Users/Hannah/clawd/projects/phishbyhannah/static/images/waterhabitat/phish-waterhabitat-manta-ningaloo-2024-003.jpg,/images/waterhabitat/phish-waterhabitat-manta-ningaloo-2024-003.jpg,,,UNUSED
/Users/Hannah/clawd/projects/phishbyhannah/static/images/waterhabitat/phish-waterhabitat-orca-ningaloo-2024-001.jpg,/images/waterhabitat/phish-waterhabitat-orca-ningaloo-2024-001.jpg,,,UNUSED
/Users/Hannah/clawd/projects/phishbyhannah/static/images/waterhabitat/phish-waterhabitat-sealion-jurien-2024-001.jpg,/images/waterhabitat/phish-waterhabitat-sealion-jurien-2024-001.jpg,,,UNUSED
/Users/Hannah/clawd/projects/phishbyhannah/static/images/waterhabitat/phish-waterhabitat-sealion-jurien-2024-002.jpg,/images/waterhabitat/phish-waterhabitat-sealion-jurien-2024-002.jpg,,,UNUSED
/Users/Hannah/clawd/projects/phishbyhannah/static/images/waterhabitat/phish-waterhabitat-sealion-jurien-2024-004.jpg,/images/waterhabitat/phish-waterhabitat-sealion-jurien-2024-004.jpg,,,UNUSED
/Users/Hannah/clawd/projects/phishbyhannah/static/images/waterhabitat/phish-waterhabitat-sealion-jurien-2024-005.jpg,/images/waterhabitat/phish-waterhabitat-sealion-jurien-2024-005.jpg,,,UNUSED
/Users/Hannah/clawd/projects/phishbyhannah/static/images/waterhabitat/phish-waterhabitat-sealion-jurien-2024-006.jpg,/images/waterhabitat/phish-waterhabitat-sealion-jurien-2024-006.jpg,,,UNUSED
/Users/Hannah/clawd/projects/phishbyhannah/static/images/waterhabitat/phish-waterhabitat-shark-malapasqua-2025-001.jpg,/images/waterhabitat/phish-waterhabitat-shark-malapasqua-2025-001.jpg,,,UNUSED
/Users/Hannah/clawd/projects/phishbyhannah/static/images/waterhabitat/phish-waterhabitat-shark-malapasqua-2025-002.jpg,/images/waterhabitat/phish-waterhabitat-shark-malapasqua-2025-002.jpg,,,UNUSED
/Users/Hannah/clawd/projects/phishbyhannah/static/images/waterhabitat/phish-waterhabitat-shark-malapasqua-2025-003.jpg,/images/waterhabitat/phish-waterhabitat-shark-malapasqua-2025-003.jpg,,,UNUSED
/Users/Hannah/clawd/projects/phishbyhannah/static/images/waterhabitat/phish-waterhabitat-shark-malapasqua-2025-005.jpg,/images/waterhabitat/phish-waterhabitat-shark-malapasqua-2025-005.jpg,,,UNUSED
/Users/Hannah/clawd/projects/phishbyhannah/static/images/waterhabitat/phish-waterhabitat-shark-malapasqua-2025-006.jpg,/images/waterhabitat/phish-waterhabitat-shark-malapasqua-2025-006.jpg,,,UNUSED
/Users/Hannah/clawd/projects/phishbyhannah/static/images/waterhabitat/phish-waterhabitat-shark-malapasqua-2025-007.jpg,/images/waterhabitat/phish-waterhabitat-shark-malapasqua-2025-007.jpg,,,UNUSED
/Users/Hannah/clawd/projects/phishbyhannah/static/images/waterhabitat/phish-waterhabitat-shark-malapasqua-2025-008.jpg,/images/waterhabitat/phish-waterhabitat-shark-malapasqua-2025-008.jpg,,,UNUSED
/Users/Hannah/clawd/projects/phishbyhannah/static/images/waterhabitat/phish-waterhabitat-shark-malapasqua-2025-009.jpg,/images/waterhabitat/phish-waterhabitat-shark-malapasqua-2025-009.jpg,,,UNUSED
/Users/Hannah/clawd/projects/phishbyhannah/static/images/waterhabitat/phish-waterhabitat-spearing-Whale-2025-001.JPG.JPG,/images/waterhabitat/phish-waterhabitat-spearing-Whale-2025-001.JPG.JPG,,,UNUSED
/Users/Hannah/clawd/projects/phishbyhannah/static/images/waterhabitat/phish-waterhabitat-spearing-tonga-2025-001.JPG.JPG,/images/waterhabitat/phish-waterhabitat-spearing-tonga-2025-001.JPG.JPG,,,UNUSED
/Users/Hannah/clawd/projects/phishbyhannah/static/images/waterhabitat/phish-waterhabitat-stingray-ningaloo-2024-001.jpg,/images/waterhabitat/phish-waterhabitat-stingray-ningaloo-2024-001.jpg,,,UNUSED
/Users/Hannah/clawd/projects/phishbyhannah/static/images/waterhabitat/phish-waterhabitat-stingray-ningaloo-2024-002.jpg,/images/waterhabitat/phish-waterhabitat-stingray-ningaloo-2024-002.jpg,,,UNUSED
/Users/Hannah/clawd/projects/phishbyhannah/static/images/waterhabitat/phish-waterhabitat-stingray-ningaloo-2024-003.jpg,/images/waterhabitat/phish-waterhabitat-stingray-ningaloo-2024-003.jpg,,,UNUSED
/Users/Hannah/clawd/projects/phishbyhannah/static/images/waterhabitat/phish-waterhabitat-stingray-ningaloo-2024-004.jpg,/images/waterhabitat/phish-waterhabitat-stingray-ningaloo-2024-004.jpg,,,UNUSED
/Users/Hannah/clawd/projects/phishbyhannah/static/images/waterhabitat/phish-waterhabitat-stingray-ningaloo-2024-006.jpg,/images/waterhabitat/phish-waterhabitat-stingray-ningaloo-2024-006.jpg,,,UNUSED
/Users/Hannah/clawd/projects/phishbyhannah/static/images/waterhabitat/phish-waterhabitat-stingray-ningaloo-2024-007.jpg,/images/waterhabitat/phish-waterhabitat-stingray-ningaloo-2024-007.jpg,,,UNUSED
/Users/Hannah/clawd/projects/phishbyhannah/static/images/waterhabitat/phish-waterhabitat-stingray-ningaloo-2024-009.jpg,/images/waterhabitat/phish-waterhabitat-stingray-ningaloo-2024-009.jpg,,,UNUSED
/Users/Hannah/clawd/projects/phishbyhannah/static/images/waterhabitat/phish-waterhabitat-turtle-ningaloo-2025-003.jpg,/images/waterhabitat/phish-waterhabitat-turtle-ningaloo-2025-003.jpg,,,UNUSED
/Users/Hannah/clawd/projects/phishbyhannah/static/images/waterhabitat/phish-waterhabitat-whale-ningaloo-2024-001.jpg,/images/waterhabitat/phish-waterhabitat-whale-ningaloo-2024-001.jpg,,,UNUSED
/Users/Hannah/clawd/projects/phishbyhannah/static/images/waterhabitat/phish-waterhabitat-whale-ningaloo-2024-002.jpg,/images/waterhabitat/phish-waterhabitat-whale-ningaloo-2024-002.jpg,,,UNUSED
/Users/Hannah/clawd/projects/phishbyhannah/static/images/waterhabitat/phish-waterhabitat-whale-ningaloo-2024-003.jpg,/images/waterhabitat/phish-waterhabitat-whale-ningaloo-2024-003.jpg,,,UNUSED
/Users/Hannah/clawd/projects/phishbyhannah/static/images/waterhabitat/phish-waterhabitat-whale-ningaloo-2024-004.jpg,/images/waterhabitat/phish-waterhabitat-whale-ningaloo-2024-004.jpg,,,UNUSED
/Users/Hannah/clawd/projects/phishbyhannah/static/images/waterhabitat/phish-waterhabitat-whale-ningaloo-2024-005.jpg,/images/waterhabitat/phish-waterhabitat-whale-ningaloo-2024-005.jpg,,,UNUSED
/Users/Hannah/clawd/projects/phishbyhannah/static/images/waterhabitat/phish-waterhabitat-whale-ningaloo-2024-007.jpg,/images/waterhabitat/phish-waterhabitat-whale-ningaloo-2024-007.jpg,,,UNUSED
/Users/Hannah/clawd/projects/phishbyhannah/static/images/waterhabitat/phish-waterhabitat-whaleshark-ningaloo-2024-002.jpg,/images/waterhabitat/phish-waterhabitat-whaleshark-ningaloo-2024-002.jpg,,,UNUSED
/Users/Hannah/clawd/projects/phishbyhannah/static/images/waterhabitat/phish-waterhabitat-whaleshark-ningaloo-2024-006.jpg,/images/waterhabitat/phish-waterhabitat-whaleshark-ningaloo-2024-006.jpg,,,UNUSED
/Users/Hannah/clawd/projects/phishbyhannah/static/images/waterhabitat/phish-waterhabitat-whaleshark-ningaloo-2024-007.jpg,/images/waterhabitat/phish-waterhabitat-whaleshark-ningaloo-2024-007.jpg,,,UNUSED
/Users/Hannah/clawd/projects/phishbyhannah/static/images/waterhabitat/phish-waterhabitat-whaleshark-ningaloo-2025-003.jpg,/images/waterhabitat/phish-waterhabitat-whaleshark-ningaloo-2025-003.jpg,,,UNUSED
/Users/Hannah/clawd/projects/phishbyhannah/static/images/waterhabitat/phish-waterhabitat-whaleshark-ningaloo-2025-004.jpg,/images/waterhabitat/phish-waterhabitat-whaleshark-ningaloo-2025-004.jpg,,,UNUSED
/Users/Hannah/clawd/projects/phishbyhannah/static/img/logo.jpg,/img/logo.jpg,,,UNUSED
/Users/Hannah/clawd/projects/phishbyhannah/static/processed/project/images-journey-phish-journey-boat-raja-001_fullpage.jpg,/processed/project/images-journey-phish-journey-boat-raja-001_fullpage.jpg,,,UNUSED
/Users/Hannah/clawd/projects/phishbyhannah/static/processed/project/images-journey-phish-journey-boat-raja-001_grid.jpg,/processed/project/images-journey-phish-journey-boat-raja-001_grid.jpg,,,UNUSED
/Users/Hannah/clawd/projects/phishbyhannah/static/processed/project/images-journey-phish-journey-boat-raja-001_large.jpg,/processed/project/images-journey-phish-journey-boat-raja-001_large.jpg,,,UNUSED
/Users/Hannah/clawd/projects/phishbyhannah/static/processed/project/images-journey-phish-journey-boat-raja-001_thumb.jpg,/processed/project/images-journey-phish-journey-boat-raja-001_thumb.jpg,,,UNUSED
/Users/Hannah/clawd/projects/phishbyhannah/static/processed/project/images-journey-phish-journey-group-raja-2024-00_fullpage.jpg,/processed/project/images-journey-phish-journey-group-raja-2024-00_fullpage.jpg,,,UNUSED
/Users/Hannah/clawd/projects/phishbyhannah/static/processed/project/images-journey-phish-journey-group-raja-2024-00_grid.jpg,/processed/project/images-journey-phish-journey-group-raja-2024-00_grid.jpg,,,UNUSED
/Users/Hannah/clawd/projects/phishbyhannah/static/processed/project/images-journey-phish-journey-group-raja-2024-00_large.jpg,/processed/project/images-journey-phish-journey-group-raja-2024-00_large.jpg,,,UNUSED
/Users/Hannah/clawd/projects/phishbyhannah/static/processed/project/images-journey-phish-journey-group-raja-2024-00_thumb.jpg,/processed/project/images-journey-phish-journey-group-raja-2024-00_thumb.jpg,,,UNUSED
/Users/Hannah/clawd/projects/phishbyhannah/static/processed/project/images-journey-phish-journey-safari-srilanka-2025-007_grid.jpg,/processed/project/images-journey-phish-journey-safari-srilanka-2025-007_grid.jpg,,,UNUSED
/Users/Hannah/clawd/projects/phishbyhannah/static/processed/project/images-journey-phish-journey-safari-srilanka-2025-007_large.jpg,/processed/project/images-journey-phish-journey-safari-srilanka-2025-007_large.jpg,,,UNUSED
/Users/Hannah/clawd/projects/phishbyhannah/static/processed/project/images-journey-phish-journey-safari-srilanka-2025-007_thumb.jpg,/processed/project/images-journey-phish-journey-safari-srilanka-2025-007_thumb.jpg,,,UNUSED
/Users/Hannah/clawd/projects/phishbyhannah/static/processed/project/images-journey-phish-journey-view-raja-2024-002_fullpage.jpg,/processed/project/images-journey-phish-journey-view-raja-2024-002_fullpage.jpg,,,UNUSED
/Users/Hannah/clawd/projects/phishbyhannah/static/processed/project/images-journey-phish-journey-view-raja-2024-002_grid.jpg,/processed/project/images-journey-phish-journey-view-raja-2024-002_grid.jpg,,,UNUSED
/Users/Hannah/clawd/projects/phishbyhannah/static/processed/project/images-journey-phish-journey-view-raja-2024-002_large.jpg,/processed/project/images-journey-phish-journey-view-raja-2024-002_large.jpg,,,UNUSED
/Users/Hannah/clawd/projects/phishbyhannah/static/processed/project/images-journey-phish-journey-view-raja-2024-002_thumb.jpg,/processed/project/images-journey-phish-journey-view-raja-2024-002_thumb.jpg,,,UNUSED
/Users/Hannah/clawd/projects/phishbyhannah/static/processed/project/images-journey-phish-journey-view-raja-2024-003_fullpage.jpg,/processed/project/images-journey-phish-journey-view-raja-2024-003_fullpage.jpg,,,UNUSED
/Users/Hannah/clawd/projects/phishbyhannah/static/processed/project/images-journey-phish-journey-view-raja-2024-003_grid.jpg,/processed/project/images-journey-phish-journey-view-raja-2024-003_grid.jpg,,,UNUSED
/Users/Hannah/clawd/projects/phishbyhannah/static/processed/project/images-journey-phish-journey-view-raja-2024-003_thumb.jpg,/processed/project/images-journey-phish-journey-view-raja-2024-003_thumb.jpg,,,UNUSED
/Users/Hannah/clawd/projects/phishbyhannah/static/processed/project/images-journey-phish-journey-view-raja-2024-005_fullpage.jpg,/processed/project/images-journey-phish-journey-view-raja-2024-005_fullpage.jpg,,,UNUSED
/Users/Hannah/clawd/projects/phishbyhannah/static/processed/project/images-journey-phish-journey-view-raja-2024-005_grid.jpg,/processed/project/images-journey-phish-journey-view-raja-2024-005_grid.jpg,,,UNUSED
/Users/Hannah/clawd/projects/phishbyhannah/static/processed/project/images-journey-phish-journey-view-raja-2024-005_large.jpg,/processed/project/images-journey-phish-journey-view-raja-2024-005_large.jpg,,,UNUSED
/Users/Hannah/clawd/projects/phishbyhannah/static/processed/project/images-journey-phish-journey-view-raja-2024-005_thumb.jpg,/processed/project/images-journey-phish-journey-view-raja-2024-005_thumb.jpg,,,UNUSED
/Users/Hannah/clawd/projects/phishbyhannah/static/processed/project/images-journey-phish-journey-view-raja-2024-006_fullpage.jpg,/processed/project/images-journey-phish-journey-view-raja-2024-006_fullpage.jpg,,,UNUSED
/Users/Hannah/clawd/projects/phishbyhannah/static/processed/project/images-journey-phish-journey-view-raja-2024-006_grid.jpg,/processed/project/images-journey-phish-journey-view-raja-2024-006_grid.jpg,,,UNUSED
/Users/Hannah/clawd/projects/phishbyhannah/static/processed/project/images-journey-phish-journey-view-raja-2024-006_large.jpg,/processed/project/images-journey-phish-journey-view-raja-2024-006_large.jpg,,,UNUSED
/Users/Hannah/clawd/projects/phishbyhannah/static/processed/project/images-journey-phish-journey-view-raja-2024-006_thumb.jpg,/processed/project/images-journey-phish-journey-view-raja-2024-006_thumb.jpg,,,UNUSED
/Users/Hannah/clawd/projects/phishbyhannah/static/processed/project/images-journey-phish-journey-view-raja-2024-007_fullpage.jpg,/processed/project/images-journey-phish-journey-view-raja-2024-007_fullpage.jpg,,,UNUSED
/Users/Hannah/clawd/projects/phishbyhannah/static/processed/project/images-journey-phish-journey-view-raja-2024-007_grid.jpg,/processed/project/images-journey-phish-journey-view-raja-2024-007_grid.jpg,,,UNUSED
/Users/Hannah/clawd/projects/phishbyhannah/static/processed/project/images-journey-phish-journey-view-raja-2024-007_large.jpg,/processed/project/images-journey-phish-journey-view-raja-2024-007_large.jpg,,,UNUSED
/Users/Hannah/clawd/projects/phishbyhannah/static/processed/project/images-journey-phish-journey-view-raja-2024-007_thumb.jpg,/processed/project/images-journey-phish-journey-view-raja-2024-007_thumb.jpg,,,UNUSED
/Users/Hannah/clawd/projects/phishbyhannah/static/processed/project/images-journey-phish-journey-view-raja-2024-008_fullpage.jpg,/processed/project/images-journey-phish-journey-view-raja-2024-008_fullpage.jpg,,,UNUSED
/Users/Hannah/clawd/projects/phishbyhannah/static/processed/project/images-journey-phish-journey-view-raja-2024-008_grid.jpg,/processed/project/images-journey-phish-journey-view-raja-2024-008_grid.jpg,,,UNUSED
/Users/Hannah/clawd/projects/phishbyhannah/static/processed/project/images-journey-phish-journey-view-raja-2024-008_large.jpg,/processed/project/images-journey-phish-journey-view-raja-2024-008_large.jpg,,,UNUSED
/Users/Hannah/clawd/projects/phishbyhannah/static/processed/project/images-journey-phish-journey-view-raja-2024-008_thumb.jpg,/processed/project/images-journey-phish-journey-view-raja-2024-008_thumb.jpg,,,UNUSED
/Users/Hannah/clawd/projects/phishbyhannah/static/processed/project/images-journey-phish-journey-view-tonga-2025-003_fullpage.jpg,/processed/project/images-journey-phish-journey-view-tonga-2025-003_fullpage.jpg,,,UNUSED
/Users/Hannah/clawd/projects/phishbyhannah/static/processed/project/images-journey-phish-journey-view-tonga-2025-003_grid.jpg,/processed/project/images-journey-phish-journey-view-tonga-2025-003_grid.jpg,,,UNUSED
/Users/Hannah/clawd/projects/phishbyhannah/static/processed/project/images-journey-phish-journey-view-tonga-2025-003_large.jpg,/processed/project/images-journey-phish-journey-view-tonga-2025-003_large.jpg,,,UNUSED
/Users/Hannah/clawd/projects/phishbyhannah/static/processed/project/images-journey-phish-journey-view-tonga-2025-003_thumb.jpg,/processed/project/images-journey-phish-journey-view-tonga-2025-003_thumb.jpg,,,UNUSED
/Users/Hannah/clawd/projects/phishbyhannah/static/processed/project/images-journey-phish-journey-view-tonga-2025-004_fullpage.jpg,/processed/project/images-journey-phish-journey-view-tonga-2025-004_fullpage.jpg,,,UNUSED
/Users/Hannah/clawd/projects/phishbyhannah/static/processed/project/images-journey-phish-journey-view-tonga-2025-004_grid.jpg,/processed/project/images-journey-phish-journey-view-tonga-2025-004_grid.jpg,,,UNUSED
/Users/Hannah/clawd/projects/phishbyhannah/static/processed/project/images-journey-phish-journey-view-tonga-2025-004_large.jpg,/processed/project/images-journey-phish-journey-view-tonga-2025-004_large.jpg,,,UNUSED
/Users/Hannah/clawd/projects/phishbyhannah/static/processed/project/images-journey-phish-journey-view-tonga-2025-004_thumb.jpg,/processed/project/images-journey-phish-journey-view-tonga-2025-004_thumb.jpg,,,UNUSED
/Users/Hannah/clawd/projects/phishbyhannah/static/processed/project/images-journey-phish-journey-view-tonga-2025-005_fullpage.jpg,/processed/project/images-journey-phish-journey-view-tonga-2025-005_fullpage.jpg,,,UNUSED
/Users/Hannah/clawd/projects/phishbyhannah/static/processed/project/images-journey-phish-journey-view-tonga-2025-005_grid.jpg,/processed/project/images-journey-phish-journey-view-tonga-2025-005_grid.jpg,,,UNUSED
/Users/Hannah/clawd/projects/phishbyhannah/static/processed/project/images-journey-phish-journey-view-tonga-2025-005_large.jpg,/processed/project/images-journey-phish-journey-view-tonga-2025-005_large.jpg,,,UNUSED
/Users/Hannah/clawd/projects/phishbyhannah/static/processed/project/images-journey-phish-journey-view-tonga-2025-005_thumb.jpg,/processed/project/images-journey-phish-journey-view-tonga-2025-005_thumb.jpg,,,UNUSED
/Users/Hannah/clawd/projects/phishbyhannah/static/processed/project/images-journey-phish-journey-view-tonga-2025-006_fullpage.jpg,/processed/project/images-journey-phish-journey-view-tonga-2025-006_fullpage.jpg,,,UNUSED
/Users/Hannah/clawd/projects/phishbyhannah/static/processed/project/images-journey-phish-journey-view-tonga-2025-006_grid.jpg,/processed/project/images-journey-phish-journey-view-tonga-2025-006_grid.jpg,,,UNUSED
/Users/Hannah/clawd/projects/phishbyhannah/static/processed/project/images-journey-phish-journey-view-tonga-2025-006_large.jpg,/processed/project/images-journey-phish-journey-view-tonga-2025-006_large.jpg,,,UNUSED
/Users/Hannah/clawd/projects/phishbyhannah/static/processed/project/images-journey-phish-journey-view-tonga-2025-006_thumb.jpg,/processed/project/images-journey-phish-journey-view-tonga-2025-006_thumb.jpg,,,UNUSED
/Users/Hannah/clawd/projects/phishbyhannah/static/processed/project/images-journey-phish-journey-view-tonga-2025-007_fullpage.jpg,/processed/project/images-journey-phish-journey-view-tonga-2025-007_fullpage.jpg,,,UNUSED
/Users/Hannah/clawd/projects/phishbyhannah/static/processed/project/images-journey-phish-journey-view-tonga-2025-007_grid.jpg,/processed/project/images-journey-phish-journey-view-tonga-2025-007_grid.jpg,,,UNUSED
/Users/Hannah/clawd/projects/phishbyhannah/static/processed/project/images-journey-phish-journey-view-tonga-2025-007_large.jpg,/processed/project/images-journey-phish-journey-view-tonga-2025-007_large.jpg,,,UNUSED
/Users/Hannah/clawd/projects/phishbyhannah/static/processed/project/images-journey-phish-journey-view-tonga-2025-007_thumb.jpg,/processed/project/images-journey-phish-journey-view-tonga-2025-007_thumb.jpg,,,UNUSED
/Users/Hannah/clawd/projects/phishbyhannah/static/processed/project/images-journey-phish-journey-view-tonga-2025-008_fullpage.jpg,/processed/project/images-journey-phish-journey-view-tonga-2025-008_fullpage.jpg,,,UNUSED
/Users/Hannah/clawd/projects/phishbyhannah/static/processed/project/images-journey-phish-journey-view-tonga-2025-008_grid.jpg,/processed/project/images-journey-phish-journey-view-tonga-2025-008_grid.jpg,,,UNUSED
/Users/Hannah/clawd/projects/phishbyhannah/static/processed/project/images-journey-phish-journey-view-tonga-2025-008_large.jpg,/processed/project/images-journey-phish-journey-view-tonga-2025-008_large.jpg,,,UNUSED
/Users/Hannah/clawd/projects/phishbyhannah/static/processed/project/images-journey-phish-journey-view-tonga-2025-008_thumb.jpg,/processed/project/images-journey-phish-journey-view-tonga-2025-008_thumb.jpg,,,UNUSED
/Users/Hannah/clawd/projects/phishbyhannah/static/processed/project/images-journey-phish-journey-view-tonga-2025-010_fullpage.jpg,/processed/project/images-journey-phish-journey-view-tonga-2025-010_fullpage.jpg,,,UNUSED
/Users/Hannah/clawd/projects/phishbyhannah/static/processed/project/images-journey-phish-journey-view-tonga-2025-010_grid.jpg,/processed/project/images-journey-phish-journey-view-tonga-2025-010_grid.jpg,,,UNUSED
/Users/Hannah/clawd/projects/phishbyhannah/static/processed/project/images-journey-phish-journey-view-tonga-2025-010_large.jpg,/processed/project/images-journey-phish-journey-view-tonga-2025-010_large.jpg,,,UNUSED
/Users/Hannah/clawd/projects/phishbyhannah/static/processed/project/images-journey-phish-journey-view-tonga-2025-010_thumb.jpg,/processed/project/images-journey-phish-journey-view-tonga-2025-010_thumb.jpg,,,UNUSED
/Users/Hannah/clawd/projects/phishbyhannah/static/processed/project/images-journey-phish-journey-view-tonga-2025-011_fullpage.jpg,/processed/project/images-journey-phish-journey-view-tonga-2025-011_fullpage.jpg,,,UNUSED
/Users/Hannah/clawd/projects/phishbyhannah/static/processed/project/images-journey-phish-journey-view-tonga-2025-011_grid.jpg,/processed/project/images-journey-phish-journey-view-tonga-2025-011_grid.jpg,,,UNUSED
/Users/Hannah/clawd/projects/phishbyhannah/static/processed/project/images-journey-phish-journey-view-tonga-2025-011_large.jpg,/processed/project/images-journey-phish-journey-view-tonga-2025-011_large.jpg,,,UNUSED
/Users/Hannah/clawd/projects/phishbyhannah/static/processed/project/images-journey-phish-journey-view-tonga-2025-011_thumb.jpg,/processed/project/images-journey-phish-journey-view-tonga-2025-011_thumb.jpg,,,UNUSED
/Users/Hannah/clawd/projects/phishbyhannah/static/processed/project/images-journey-phish-journey-view-tonga-2025-017_fullpage.jpg,/processed/project/images-journey-phish-journey-view-tonga-2025-017_fullpage.jpg,,,UNUSED
/Users/Hannah/clawd/projects/phishbyhannah/static/processed/project/images-journey-phish-journey-view-tonga-2025-017_grid.jpg,/processed/project/images-journey-phish-journey-view-tonga-2025-017_grid.jpg,,,UNUSED
/Users/Hannah/clawd/projects/phishbyhannah/static/processed/project/images-journey-phish-journey-view-tonga-2025-017_large.jpg,/processed/project/images-journey-phish-journey-view-tonga-2025-017_large.jpg,,,UNUSED
/Users/Hannah/clawd/projects/phishbyhannah/static/processed/project/images-journey-phish-journey-view-tonga-2025-017_thumb.jpg,/processed/project/images-journey-phish-journey-view-tonga-2025-017_thumb.jpg,,,UNUSED
/Users/Hannah/clawd/projects/phishbyhannah/static/processed/project/images-me-phish-me-whaleshark-ningaloo-2024-001_fullpage.jpg,/processed/project/images-me-phish-me-whaleshark-ningaloo-2024-001_fullpage.jpg,,,UNUSED
/Users/Hannah/clawd/projects/phishbyhannah/static/processed/project/images-me-phish-me-whaleshark-ningaloo-2024-001_grid.jpg,/processed/project/images-me-phish-me-whaleshark-ningaloo-2024-001_grid.jpg,,,UNUSED
/Users/Hannah/clawd/projects/phishbyhannah/static/processed/project/images-me-phish-me-whaleshark-ningaloo-2024-001_large.jpg,/processed/project/images-me-phish-me-whaleshark-ningaloo-2024-001_large.jpg,,,UNUSED
/Users/Hannah/clawd/projects/phishbyhannah/static/processed/project/images-me-phish-me-whaleshark-ningaloo-2024-001_thumb.jpg,/processed/project/images-me-phish-me-whaleshark-ningaloo-2024-001_thumb.jpg,,,UNUSED
/Users/Hannah/clawd/projects/phishbyhannah/static/processed/project/images-peopleinplace-phish-peopleinplace-bwr-tonga-2025-001_fullpage.jpg,/processed/project/images-peopleinplace-phish-peopleinplace-bwr-tonga-2025-001_fullpage.jpg,,,UNUSED
/Users/Hannah/clawd/projects/phishbyhannah/static/processed/project/images-peopleinplace-phish-peopleinplace-bwr-tonga-2025-001_grid.jpg,/processed/project/images-peopleinplace-phish-peopleinplace-bwr-tonga-2025-001_grid.jpg,,,UNUSED
/Users/Hannah/clawd/projects/phishbyhannah/static/processed/project/images-peopleinplace-phish-peopleinplace-bwr-tonga-2025-001_large.jpg,/processed/project/images-peopleinplace-phish-peopleinplace-bwr-tonga-2025-001_large.jpg,,,UNUSED
/Users/Hannah/clawd/projects/phishbyhannah/static/processed/project/images-peopleinplace-phish-peopleinplace-bwr-tonga-2025-001_thumb.jpg,/processed/project/images-peopleinplace-phish-peopleinplace-bwr-tonga-2025-001_thumb.jpg,,,UNUSED
/Users/Hannah/clawd/projects/phishbyhannah/static/processed/project/images-peopleinplace-phish-peopleinplace-bwr-tonga-2025-003_fullpage.jpg,/processed/project/images-peopleinplace-phish-peopleinplace-bwr-tonga-2025-003_fullpage.jpg,,,UNUSED
/Users/Hannah/clawd/projects/phishbyhannah/static/processed/project/images-peopleinplace-phish-peopleinplace-bwr-tonga-2025-003_grid.jpg,/processed/project/images-peopleinplace-phish-peopleinplace-bwr-tonga-2025-003_grid.jpg,,,UNUSED
/Users/Hannah/clawd/projects/phishbyhannah/static/processed/project/images-peopleinplace-phish-peopleinplace-bwr-tonga-2025-003_thumb.jpg,/processed/project/images-peopleinplace-phish-peopleinplace-bwr-tonga-2025-003_thumb.jpg,,,UNUSED
/Users/Hannah/clawd/projects/phishbyhannah/static/processed/project/images-peopleinplace-phish-peopleinplace-crew-raja-2024-002_fullpage.jpg,/processed/project/images-peopleinplace-phish-peopleinplace-crew-raja-2024-002_fullpage.jpg,,,UNUSED
/Users/Hannah/clawd/projects/phishbyhannah/static/processed/project/images-peopleinplace-phish-peopleinplace-crew-raja-2024-002_grid.jpg,/processed/project/images-peopleinplace-phish-peopleinplace-crew-raja-2024-002_grid.jpg,,,UNUSED
/Users/Hannah/clawd/projects/phishbyhannah/static/processed/project/images-peopleinplace-phish-peopleinplace-crew-raja-2024-002_large.jpg,/processed/project/images-peopleinplace-phish-peopleinplace-crew-raja-2024-002_large.jpg,,,UNUSED
/Users/Hannah/clawd/projects/phishbyhannah/static/processed/project/images-peopleinplace-phish-peopleinplace-crew-raja-2024-002_thumb.jpg,/processed/project/images-peopleinplace-phish-peopleinplace-crew-raja-2024-002_thumb.jpg,,,UNUSED
/Users/Hannah/clawd/projects/phishbyhannah/static/processed/project/images-peopleinplace-phish-peopleinplace-crew-raja-2024-003_fullpage.jpg,/processed/project/images-peopleinplace-phish-peopleinplace-crew-raja-2024-003_fullpage.jpg,,,UNUSED
/Users/Hannah/clawd/projects/phishbyhannah/static/processed/project/images-peopleinplace-phish-peopleinplace-crew-raja-2024-003_grid.jpg,/processed/project/images-peopleinplace-phish-peopleinplace-crew-raja-2024-003_grid.jpg,,,UNUSED
/Users/Hannah/clawd/projects/phishbyhannah/static/processed/project/images-peopleinplace-phish-peopleinplace-crew-raja-2024-003_large.jpg,/processed/project/images-peopleinplace-phish-peopleinplace-crew-raja-2024-003_large.jpg,,,UNUSED
/Users/Hannah/clawd/projects/phishbyhannah/static/processed/project/images-peopleinplace-phish-peopleinplace-crew-raja-2024-003_thumb.jpg,/processed/project/images-peopleinplace-phish-peopleinplace-crew-raja-2024-003_thumb.jpg,,,UNUSED
/Users/Hannah/clawd/projects/phishbyhannah/static/processed/project/images-peopleinplace-phish-peopleinplace-crew-raja-2024-004_fullpage.jpg,/processed/project/images-peopleinplace-phish-peopleinplace-crew-raja-2024-004_fullpage.jpg,,,UNUSED
/Users/Hannah/clawd/projects/phishbyhannah/static/processed/project/images-peopleinplace-phish-peopleinplace-crew-raja-2024-004_grid.jpg,/processed/project/images-peopleinplace-phish-peopleinplace-crew-raja-2024-004_grid.jpg,,,UNUSED
/Users/Hannah/clawd/projects/phishbyhannah/static/processed/project/images-peopleinplace-phish-peopleinplace-crew-raja-2024-004_large.jpg,/processed/project/images-peopleinplace-phish-peopleinplace-crew-raja-2024-004_large.jpg,,,UNUSED
/Users/Hannah/clawd/projects/phishbyhannah/static/processed/project/images-peopleinplace-phish-peopleinplace-crew-raja-2024-004_thumb.jpg,/processed/project/images-peopleinplace-phish-peopleinplace-crew-raja-2024-004_thumb.jpg,,,UNUSED
/Users/Hannah/clawd/projects/phishbyhannah/static/processed/project/images-peopleinplace-phish-peopleinplace-crew-raja-2024-005_fullpage.jpg,/processed/project/images-peopleinplace-phish-peopleinplace-crew-raja-2024-005_fullpage.jpg,,,UNUSED
/Users/Hannah/clawd/projects/phishbyhannah/static/processed/project/images-peopleinplace-phish-peopleinplace-crew-raja-2024-005_grid.jpg,/processed/project/images-peopleinplace-phish-peopleinplace-crew-raja-2024-005_grid.jpg,,,UNUSED
/Users/Hannah/clawd/projects/phishbyhannah/static/processed/project/images-peopleinplace-phish-peopleinplace-crew-raja-2024-005_large.jpg,/processed/project/images-peopleinplace-phish-peopleinplace-crew-raja-2024-005_large.jpg,,,UNUSED
/Users/Hannah/clawd/projects/phishbyhannah/static/processed/project/images-peopleinplace-phish-peopleinplace-crew-raja-2024-005_thumb.jpg,/processed/project/images-peopleinplace-phish-peopleinplace-crew-raja-2024-005_thumb.jpg,,,UNUSED
/Users/Hannah/clawd/projects/phishbyhannah/static/processed/project/images-peopleinplace-phish-peopleinplace-emma-ningaloo-2024-002_fullpage.jpg,/processed/project/images-peopleinplace-phish-peopleinplace-emma-ningaloo-2024-002_fullpage.jpg,,,UNUSED
/Users/Hannah/clawd/projects/phishbyhannah/static/processed/project/images-peopleinplace-phish-peopleinplace-emma-ningaloo-2024-002_grid.jpg,/processed/project/images-peopleinplace-phish-peopleinplace-emma-ningaloo-2024-002_grid.jpg,,,UNUSED
/Users/Hannah/clawd/projects/phishbyhannah/static/processed/project/images-peopleinplace-phish-peopleinplace-emma-ningaloo-2024-002_large.jpg,/processed/project/images-peopleinplace-phish-peopleinplace-emma-ningaloo-2024-002_large.jpg,,,UNUSED
/Users/Hannah/clawd/projects/phishbyhannah/static/processed/project/images-peopleinplace-phish-peopleinplace-emma-ningaloo-2024-002_thumb.jpg,/processed/project/images-peopleinplace-phish-peopleinplace-emma-ningaloo-2024-002_thumb.jpg,,,UNUSED
/Users/Hannah/clawd/projects/phishbyhannah/static/processed/project/images-peopleinplace-phish-peopleinplace-emma-ningaloo-2024-003_fullpage.jpg,/processed/project/images-peopleinplace-phish-peopleinplace-emma-ningaloo-2024-003_fullpage.jpg,,,UNUSED
/Users/Hannah/clawd/projects/phishbyhannah/static/processed/project/images-peopleinplace-phish-peopleinplace-emma-ningaloo-2024-003_grid.jpg,/processed/project/images-peopleinplace-phish-peopleinplace-emma-ningaloo-2024-003_grid.jpg,,,UNUSED
/Users/Hannah/clawd/projects/phishbyhannah/static/processed/project/images-peopleinplace-phish-peopleinplace-emma-ningaloo-2024-003_large.jpg,/processed/project/images-peopleinplace-phish-peopleinplace-emma-ningaloo-2024-003_large.jpg,,,UNUSED
/Users/Hannah/clawd/projects/phishbyhannah/static/processed/project/images-peopleinplace-phish-peopleinplace-emma-ningaloo-2024-003_thumb.jpg,/processed/project/images-peopleinplace-phish-peopleinplace-emma-ningaloo-2024-003_thumb.jpg,,,UNUSED
/Users/Hannah/clawd/projects/phishbyhannah/static/processed/project/images-peopleinplace-phish-peopleinplace-emma-ningaloo-2024-005_fullpage.jpg,/processed/project/images-peopleinplace-phish-peopleinplace-emma-ningaloo-2024-005_fullpage.jpg,,,UNUSED
/Users/Hannah/clawd/projects/phishbyhannah/static/processed/project/images-peopleinplace-phish-peopleinplace-emma-ningaloo-2024-005_grid.jpg,/processed/project/images-peopleinplace-phish-peopleinplace-emma-ningaloo-2024-005_grid.jpg,,,UNUSED
/Users/Hannah/clawd/projects/phishbyhannah/static/processed/project/images-peopleinplace-phish-peopleinplace-emma-ningaloo-2024-005_large.jpg,/processed/project/images-peopleinplace-phish-peopleinplace-emma-ningaloo-2024-005_large.jpg,,,UNUSED
/Users/Hannah/clawd/projects/phishbyhannah/static/processed/project/images-peopleinplace-phish-peopleinplace-emma-ningaloo-2024-005_thumb.jpg,/processed/project/images-peopleinplace-phish-peopleinplace-emma-ningaloo-2024-005_thumb.jpg,,,UNUSED
/Users/Hannah/clawd/projects/phishbyhannah/static/processed/project/images-peopleinplace-phish-peopleinplace-sally-raja-2024-003_fullpage.jpg,/processed/project/images-peopleinplace-phish-peopleinplace-sally-raja-2024-003_fullpage.jpg,,,UNUSED
/Users/Hannah/clawd/projects/phishbyhannah/static/processed/project/images-peopleinplace-phish-peopleinplace-sally-raja-2024-003_grid.jpg,/processed/project/images-peopleinplace-phish-peopleinplace-sally-raja-2024-003_grid.jpg,,,UNUSED
/Users/Hannah/clawd/projects/phishbyhannah/static/processed/project/images-peopleinplace-phish-peopleinplace-sally-raja-2024-003_large.jpg,/processed/project/images-peopleinplace-phish-peopleinplace-sally-raja-2024-003_large.jpg,,,UNUSED
/Users/Hannah/clawd/projects/phishbyhannah/static/processed/project/images-peopleinplace-phish-peopleinplace-sally-raja-2024-003_thumb.jpg,/processed/project/images-peopleinplace-phish-peopleinplace-sally-raja-2024-003_thumb.jpg,,,UNUSED
/Users/Hannah/clawd/projects/phishbyhannah/static/processed/project/images-peopleinplace-phish-peopleinplace-sallybatfish-raja-2024-002_fullpage.jpg,/processed/project/images-peopleinplace-phish-peopleinplace-sallybatfish-raja-2024-002_fullpage.jpg,,,UNUSED
/Users/Hannah/clawd/projects/phishbyhannah/static/processed/project/images-peopleinplace-phish-peopleinplace-sallybatfish-raja-2024-002_grid.jpg,/processed/project/images-peopleinplace-phish-peopleinplace-sallybatfish-raja-2024-002_grid.jpg,,,UNUSED
/Users/Hannah/clawd/projects/phishbyhannah/static/processed/project/images-peopleinplace-phish-peopleinplace-sallybatfish-raja-2024-002_large.jpg,/processed/project/images-peopleinplace-phish-peopleinplace-sallybatfish-raja-2024-002_large.jpg,,,UNUSED
/Users/Hannah/clawd/projects/phishbyhannah/static/processed/project/images-peopleinplace-phish-peopleinplace-sallybatfish-raja-2024-002_thumb.jpg,/processed/project/images-peopleinplace-phish-peopleinplace-sallybatfish-raja-2024-002_thumb.jpg,,,UNUSED
/Users/Hannah/clawd/projects/phishbyhannah/static/processed/project/images-peopleinplace-phish-peopleinplace-sallybatfish-raja-2024-003_fullpage.jpg,/processed/project/images-peopleinplace-phish-peopleinplace-sallybatfish-raja-2024-003_fullpage.jpg,,,UNUSED
/Users/Hannah/clawd/projects/phishbyhannah/static/processed/project/images-peopleinplace-phish-peopleinplace-sallybatfish-raja-2024-003_grid.jpg,/processed/project/images-peopleinplace-phish-peopleinplace-sallybatfish-raja-2024-003_grid.jpg,,,UNUSED
/Users/Hannah/clawd/projects/phishbyhannah/static/processed/project/images-peopleinplace-phish-peopleinplace-sallybatfish-raja-2024-003_large.jpg,/processed/project/images-peopleinplace-phish-peopleinplace-sallybatfish-raja-2024-003_large.jpg,,,UNUSED
/Users/Hannah/clawd/projects/phishbyhannah/static/processed/project/images-peopleinplace-phish-peopleinplace-sallybatfish-raja-2024-003_thumb.jpg,/processed/project/images-peopleinplace-phish-peopleinplace-sallybatfish-raja-2024-003_thumb.jpg,,,UNUSED
/Users/Hannah/clawd/projects/phishbyhannah/static/processed/project/images-peopleinplace-phish-peopleinplace-sallybatfish-raja-2024-006_fullpage.jpg,/processed/project/images-peopleinplace-phish-peopleinplace-sallybatfish-raja-2024-006_fullpage.jpg,,,UNUSED
/Users/Hannah/clawd/projects/phishbyhannah/static/processed/project/images-peopleinplace-phish-peopleinplace-sallybatfish-raja-2024-006_grid.jpg,/processed/project/images-peopleinplace-phish-peopleinplace-sallybatfish-raja-2024-006_grid.jpg,,,UNUSED
/Users/Hannah/clawd/projects/phishbyhannah/static/processed/project/images-peopleinplace-phish-peopleinplace-sallybatfish-raja-2024-006_large.jpg,/processed/project/images-peopleinplace-phish-peopleinplace-sallybatfish-raja-2024-006_large.jpg,,,UNUSED
/Users/Hannah/clawd/projects/phishbyhannah/static/processed/project/images-peopleinplace-phish-peopleinplace-sallybatfish-raja-2024-006_thumb.jpg,/processed/project/images-peopleinplace-phish-peopleinplace-sallybatfish-raja-2024-006_thumb.jpg,,,UNUSED
/Users/Hannah/clawd/projects/phishbyhannah/static/processed/project/images-peopleinplace-phish-peopleinplaces-blonde-ningaloo-2024-001_fullpage.jpg,/processed/project/images-peopleinplace-phish-peopleinplaces-blonde-ningaloo-2024-001_fullpage.jpg,,,UNUSED
/Users/Hannah/clawd/projects/phishbyhannah/static/processed/project/images-peopleinplace-phish-peopleinplaces-blonde-ningaloo-2024-001_grid.jpg,/processed/project/images-peopleinplace-phish-peopleinplaces-blonde-ningaloo-2024-001_grid.jpg,,,UNUSED
/Users/Hannah/clawd/projects/phishbyhannah/static/processed/project/images-peopleinplace-phish-peopleinplaces-blonde-ningaloo-2024-001_large.jpg,/processed/project/images-peopleinplace-phish-peopleinplaces-blonde-ningaloo-2024-001_large.jpg,,,UNUSED
/Users/Hannah/clawd/projects/phishbyhannah/static/processed/project/images-peopleinplace-phish-peopleinplaces-blonde-ningaloo-2024-001_thumb.jpg,/processed/project/images-peopleinplace-phish-peopleinplaces-blonde-ningaloo-2024-001_thumb.jpg,,,UNUSED
/Users/Hannah/clawd/projects/phishbyhannah/static/processed/project/images-peopleinplace-phish-peopleinplaces-blonde-ningaloo-2024-002_fullpage.jpg,/processed/project/images-peopleinplace-phish-peopleinplaces-blonde-ningaloo-2024-002_fullpage.jpg,,,UNUSED
/Users/Hannah/clawd/projects/phishbyhannah/static/processed/project/images-peopleinplace-phish-peopleinplaces-blonde-ningaloo-2024-002_grid.jpg,/processed/project/images-peopleinplace-phish-peopleinplaces-blonde-ningaloo-2024-002_grid.jpg,,,UNUSED
/Users/Hannah/clawd/projects/phishbyhannah/static/processed/project/images-peopleinplace-phish-peopleinplaces-blonde-ningaloo-2024-002_large.jpg,/processed/project/images-peopleinplace-phish-peopleinplaces-blonde-ningaloo-2024-002_large.jpg,,,UNUSED
/Users/Hannah/clawd/projects/phishbyhannah/static/processed/project/images-peopleinplace-phish-peopleinplaces-blonde-ningaloo-2024-002_thumb.jpg,/processed/project/images-peopleinplace-phish-peopleinplaces-blonde-ningaloo-2024-002_thumb.jpg,,,UNUSED
/Users/Hannah/clawd/projects/phishbyhannah/static/processed/project/images-peopleinplace-phish-peopleinplaces-blonde-ningaloo-2024-003_fullpage.jpg,/processed/project/images-peopleinplace-phish-peopleinplaces-blonde-ningaloo-2024-003_fullpage.jpg,,,UNUSED
/Users/Hannah/clawd/projects/phishbyhannah/static/processed/project/images-peopleinplace-phish-peopleinplaces-blonde-ningaloo-2024-003_grid.jpg,/processed/project/images-peopleinplace-phish-peopleinplaces-blonde-ningaloo-2024-003_grid.jpg,,,UNUSED
/Users/Hannah/clawd/projects/phishbyhannah/static/processed/project/images-peopleinplace-phish-peopleinplaces-blonde-ningaloo-2024-003_large.jpg,/processed/project/images-peopleinplace-phish-peopleinplaces-blonde-ningaloo-2024-003_large.jpg,,,UNUSED
/Users/Hannah/clawd/projects/phishbyhannah/static/processed/project/images-peopleinplace-phish-peopleinplaces-blonde-ningaloo-2024-003_thumb.jpg,/processed/project/images-peopleinplace-phish-peopleinplaces-blonde-ningaloo-2024-003_thumb.jpg,,,UNUSED
/Users/Hannah/clawd/projects/phishbyhannah/static/processed/project/images-peopleinplace-phish-peopleinplaces-blonde-ningaloo-2024-004_fullpage.jpg,/processed/project/images-peopleinplace-phish-peopleinplaces-blonde-ningaloo-2024-004_fullpage.jpg,,,UNUSED
/Users/Hannah/clawd/projects/phishbyhannah/static/processed/project/images-peopleinplace-phish-peopleinplaces-blonde-ningaloo-2024-004_grid.jpg,/processed/project/images-peopleinplace-phish-peopleinplaces-blonde-ningaloo-2024-004_grid.jpg,,,UNUSED
/Users/Hannah/clawd/projects/phishbyhannah/static/processed/project/images-peopleinplace-phish-peopleinplaces-blonde-ningaloo-2024-004_large.jpg,/processed/project/images-peopleinplace-phish-peopleinplaces-blonde-ningaloo-2024-004_large.jpg,,,UNUSED
/Users/Hannah/clawd/projects/phishbyhannah/static/processed/project/images-peopleinplace-phish-peopleinplaces-blonde-ningaloo-2024-004_thumb.jpg,/processed/project/images-peopleinplace-phish-peopleinplaces-blonde-ningaloo-2024-004_thumb.jpg,,,UNUSED
/Users/Hannah/clawd/projects/phishbyhannah/static/processed/project/images-peopleinplace-phish-peopleinplaces-blonde-ningaloo-2024-005_fullpage.jpg,/processed/project/images-peopleinplace-phish-peopleinplaces-blonde-ningaloo-2024-005_fullpage.jpg,,,UNUSED
/Users/Hannah/clawd/projects/phishbyhannah/static/processed/project/images-peopleinplace-phish-peopleinplaces-blonde-ningaloo-2024-005_grid.jpg,/processed/project/images-peopleinplace-phish-peopleinplaces-blonde-ningaloo-2024-005_grid.jpg,,,UNUSED
/Users/Hannah/clawd/projects/phishbyhannah/static/processed/project/images-peopleinplace-phish-peopleinplaces-blonde-ningaloo-2024-005_large.jpg,/processed/project/images-peopleinplace-phish-peopleinplaces-blonde-ningaloo-2024-005_large.jpg,,,UNUSED
/Users/Hannah/clawd/projects/phishbyhannah/static/processed/project/images-peopleinplace-phish-peopleinplaces-blonde-ningaloo-2024-005_thumb.jpg,/processed/project/images-peopleinplace-phish-peopleinplaces-blonde-ningaloo-2024-005_thumb.jpg,,,UNUSED
/Users/Hannah/clawd/projects/phishbyhannah/static/processed/project/images-peopleinplace-phish-peopleinplaces-bumble-ningaloo-2025-001_fullpage.jpg,/processed/project/images-peopleinplace-phish-peopleinplaces-bumble-ningaloo-2025-001_fullpage.jpg,,,UNUSED
/Users/Hannah/clawd/projects/phishbyhannah/static/processed/project/images-peopleinplace-phish-peopleinplaces-bumble-ningaloo-2025-001_grid.jpg,/processed/project/images-peopleinplace-phish-peopleinplaces-bumble-ningaloo-2025-001_grid.jpg,,,UNUSED
/Users/Hannah/clawd/projects/phishbyhannah/static/processed/project/images-peopleinplace-phish-peopleinplaces-bumble-ningaloo-2025-001_large.jpg,/processed/project/images-peopleinplace-phish-peopleinplaces-bumble-ningaloo-2025-001_large.jpg,,,UNUSED
/Users/Hannah/clawd/projects/phishbyhannah/static/processed/project/images-peopleinplace-phish-peopleinplaces-bumble-ningaloo-2025-001_thumb.jpg,/processed/project/images-peopleinplace-phish-peopleinplaces-bumble-ningaloo-2025-001_thumb.jpg,,,UNUSED
/Users/Hannah/clawd/projects/phishbyhannah/static/processed/project/images-peopleinplace-phish-peopleinplaces-bumble-ningaloo-2025-003_fullpage.jpg,/processed/project/images-peopleinplace-phish-peopleinplaces-bumble-ningaloo-2025-003_fullpage.jpg,,,UNUSED
/Users/Hannah/clawd/projects/phishbyhannah/static/processed/project/images-peopleinplace-phish-peopleinplaces-bumble-ningaloo-2025-003_grid.jpg,/processed/project/images-peopleinplace-phish-peopleinplaces-bumble-ningaloo-2025-003_grid.jpg,,,UNUSED
/Users/Hannah/clawd/projects/phishbyhannah/static/processed/project/images-peopleinplace-phish-peopleinplaces-bumble-ningaloo-2025-003_large.jpg,/processed/project/images-peopleinplace-phish-peopleinplaces-bumble-ningaloo-2025-003_large.jpg,,,UNUSED
/Users/Hannah/clawd/projects/phishbyhannah/static/processed/project/images-peopleinplace-phish-peopleinplaces-bumble-ningaloo-2025-003_thumb.jpg,/processed/project/images-peopleinplace-phish-peopleinplaces-bumble-ningaloo-2025-003_thumb.jpg,,,UNUSED
/Users/Hannah/clawd/projects/phishbyhannah/static/processed/project/images-peopleinplace-phish-peopleinplaces-bumble-ningaloo-2025-006_fullpage.jpg,/processed/project/images-peopleinplace-phish-peopleinplaces-bumble-ningaloo-2025-006_fullpage.jpg,,,UNUSED
/Users/Hannah/clawd/projects/phishbyhannah/static/processed/project/images-peopleinplace-phish-peopleinplaces-bumble-ningaloo-2025-006_grid.jpg,/processed/project/images-peopleinplace-phish-peopleinplaces-bumble-ningaloo-2025-006_grid.jpg,,,UNUSED
/Users/Hannah/clawd/projects/phishbyhannah/static/processed/project/images-peopleinplace-phish-peopleinplaces-bumble-ningaloo-2025-006_large.jpg,/processed/project/images-peopleinplace-phish-peopleinplaces-bumble-ningaloo-2025-006_large.jpg,,,UNUSED
/Users/Hannah/clawd/projects/phishbyhannah/static/processed/project/images-peopleinplace-phish-peopleinplaces-bumble-ningaloo-2025-006_thumb.jpg,/processed/project/images-peopleinplace-phish-peopleinplaces-bumble-ningaloo-2025-006_thumb.jpg,,,UNUSED
/Users/Hannah/clawd/projects/phishbyhannah/static/processed/project/images-peopleinplace-phish-peopleinplaces-bumble-ningaloo-2025-007_fullpage.jpg,/processed/project/images-peopleinplace-phish-peopleinplaces-bumble-ningaloo-2025-007_fullpage.jpg,,,UNUSED
/Users/Hannah/clawd/projects/phishbyhannah/static/processed/project/images-peopleinplace-phish-peopleinplaces-bumble-ningaloo-2025-007_grid.jpg,/processed/project/images-peopleinplace-phish-peopleinplaces-bumble-ningaloo-2025-007_grid.jpg,,,UNUSED
/Users/Hannah/clawd/projects/phishbyhannah/static/processed/project/images-peopleinplace-phish-peopleinplaces-bumble-ningaloo-2025-007_large.jpg,/processed/project/images-peopleinplace-phish-peopleinplaces-bumble-ningaloo-2025-007_large.jpg,,,UNUSED
/Users/Hannah/clawd/projects/phishbyhannah/static/processed/project/images-peopleinplace-phish-peopleinplaces-bumble-ningaloo-2025-007_thumb.jpg,/processed/project/images-peopleinplace-phish-peopleinplaces-bumble-ningaloo-2025-007_thumb.jpg,,,UNUSED
/Users/Hannah/clawd/projects/phishbyhannah/static/processed/project/images-peopleinplace-phish-peopleinplaces-bumble-ningaloo-2025-008_fullpage.jpg,/processed/project/images-peopleinplace-phish-peopleinplaces-bumble-ningaloo-2025-008_fullpage.jpg,,,UNUSED
/Users/Hannah/clawd/projects/phishbyhannah/static/processed/project/images-peopleinplace-phish-peopleinplaces-bumble-ningaloo-2025-008_grid.jpg,/processed/project/images-peopleinplace-phish-peopleinplaces-bumble-ningaloo-2025-008_grid.jpg,,,UNUSED
/Users/Hannah/clawd/projects/phishbyhannah/static/processed/project/images-peopleinplace-phish-peopleinplaces-bumble-ningaloo-2025-008_large.jpg,/processed/project/images-peopleinplace-phish-peopleinplaces-bumble-ningaloo-2025-008_large.jpg,,,UNUSED
/Users/Hannah/clawd/projects/phishbyhannah/static/processed/project/images-peopleinplace-phish-peopleinplaces-bumble-ningaloo-2025-008_thumb.jpg,/processed/project/images-peopleinplace-phish-peopleinplaces-bumble-ningaloo-2025-008_thumb.jpg,,,UNUSED
/Users/Hannah/clawd/projects/phishbyhannah/static/processed/project/images-peopleinplace-phish-peopleinplaces-bumble-ningaloo-2025-009_fullpage.jpg,/processed/project/images-peopleinplace-phish-peopleinplaces-bumble-ningaloo-2025-009_fullpage.jpg,,,UNUSED
/Users/Hannah/clawd/projects/phishbyhannah/static/processed/project/images-peopleinplace-phish-peopleinplaces-bumble-ningaloo-2025-009_grid.jpg,/processed/project/images-peopleinplace-phish-peopleinplaces-bumble-ningaloo-2025-009_grid.jpg,,,UNUSED
/Users/Hannah/clawd/projects/phishbyhannah/static/processed/project/images-peopleinplace-phish-peopleinplaces-bumble-ningaloo-2025-009_large.jpg,/processed/project/images-peopleinplace-phish-peopleinplaces-bumble-ningaloo-2025-009_large.jpg,,,UNUSED
/Users/Hannah/clawd/projects/phishbyhannah/static/processed/project/images-peopleinplace-phish-peopleinplaces-bumble-ningaloo-2025-009_thumb.jpg,/processed/project/images-peopleinplace-phish-peopleinplaces-bumble-ningaloo-2025-009_thumb.jpg,,,UNUSED
/Users/Hannah/clawd/projects/phishbyhannah/static/processed/project/images-peopleinplace-phish-peopleinplaces-bumble-tonga-2025-001_fullpage.jpg,/processed/project/images-peopleinplace-phish-peopleinplaces-bumble-tonga-2025-001_fullpage.jpg,,,UNUSED
/Users/Hannah/clawd/projects/phishbyhannah/static/processed/project/images-peopleinplace-phish-peopleinplaces-bumble-tonga-2025-001_grid.jpg,/processed/project/images-peopleinplace-phish-peopleinplaces-bumble-tonga-2025-001_grid.jpg,,,UNUSED
/Users/Hannah/clawd/projects/phishbyhannah/static/processed/project/images-peopleinplace-phish-peopleinplaces-bumble-tonga-2025-001_large.jpg,/processed/project/images-peopleinplace-phish-peopleinplaces-bumble-tonga-2025-001_large.jpg,,,UNUSED
/Users/Hannah/clawd/projects/phishbyhannah/static/processed/project/images-peopleinplace-phish-peopleinplaces-bumble-tonga-2025-001_thumb.jpg,/processed/project/images-peopleinplace-phish-peopleinplaces-bumble-tonga-2025-001_thumb.jpg,,,UNUSED
/Users/Hannah/clawd/projects/phishbyhannah/static/processed/project/images-peopleinplace-phish-peopleinplaces-bumble-tonga-2025-002_fullpage.jpg,/processed/project/images-peopleinplace-phish-peopleinplaces-bumble-tonga-2025-002_fullpage.jpg,,,UNUSED
/Users/Hannah/clawd/projects/phishbyhannah/static/processed/project/images-peopleinplace-phish-peopleinplaces-bumble-tonga-2025-002_grid.jpg,/processed/project/images-peopleinplace-phish-peopleinplaces-bumble-tonga-2025-002_grid.jpg,,,UNUSED
/Users/Hannah/clawd/projects/phishbyhannah/static/processed/project/images-peopleinplace-phish-peopleinplaces-bumble-tonga-2025-002_large.jpg,/processed/project/images-peopleinplace-phish-peopleinplaces-bumble-tonga-2025-002_large.jpg,,,UNUSED
/Users/Hannah/clawd/projects/phishbyhannah/static/processed/project/images-peopleinplace-phish-peopleinplaces-bumble-tonga-2025-002_thumb.jpg,/processed/project/images-peopleinplace-phish-peopleinplaces-bumble-tonga-2025-002_thumb.jpg,,,UNUSED
/Users/Hannah/clawd/projects/phishbyhannah/static/processed/project/images-peopleinplace-phish-peopleinplaces-bumble-tonga-2025-003_fullpage.jpg,/processed/project/images-peopleinplace-phish-peopleinplaces-bumble-tonga-2025-003_fullpage.jpg,,,UNUSED
/Users/Hannah/clawd/projects/phishbyhannah/static/processed/project/images-peopleinplace-phish-peopleinplaces-bumble-tonga-2025-003_grid.jpg,/processed/project/images-peopleinplace-phish-peopleinplaces-bumble-tonga-2025-003_grid.jpg,,,UNUSED
/Users/Hannah/clawd/projects/phishbyhannah/static/processed/project/images-peopleinplace-phish-peopleinplaces-bumble-tonga-2025-003_large.jpg,/processed/project/images-peopleinplace-phish-peopleinplaces-bumble-tonga-2025-003_large.jpg,,,UNUSED
/Users/Hannah/clawd/projects/phishbyhannah/static/processed/project/images-peopleinplace-phish-peopleinplaces-bumble-tonga-2025-003_thumb.jpg,/processed/project/images-peopleinplace-phish-peopleinplaces-bumble-tonga-2025-003_thumb.jpg,,,UNUSED
/Users/Hannah/clawd/projects/phishbyhannah/static/processed/project/images-peopleinplace-phish-peopleinplaces-bumble-tonga-2025-004_fullpage.jpg,/processed/project/images-peopleinplace-phish-peopleinplaces-bumble-tonga-2025-004_fullpage.jpg,,,UNUSED
/Users/Hannah/clawd/projects/phishbyhannah/static/processed/project/images-peopleinplace-phish-peopleinplaces-bumble-tonga-2025-004_grid.jpg,/processed/project/images-peopleinplace-phish-peopleinplaces-bumble-tonga-2025-004_grid.jpg,,,UNUSED
/Users/Hannah/clawd/projects/phishbyhannah/static/processed/project/images-peopleinplace-phish-peopleinplaces-bumble-tonga-2025-004_large.jpg,/processed/project/images-peopleinplace-phish-peopleinplaces-bumble-tonga-2025-004_large.jpg,,,UNUSED
/Users/Hannah/clawd/projects/phishbyhannah/static/processed/project/images-peopleinplace-phish-peopleinplaces-bumble-tonga-2025-004_thumb.jpg,/processed/project/images-peopleinplace-phish-peopleinplaces-bumble-tonga-2025-004_thumb.jpg,,,UNUSED
/Users/Hannah/clawd/projects/phishbyhannah/static/processed/project/images-peopleinplace-phish-peopleinplaces-plow-ningaloo-2025-001_fullpage.jpg,/processed/project/images-peopleinplace-phish-peopleinplaces-plow-ningaloo-2025-001_fullpage.jpg,,,UNUSED
/Users/Hannah/clawd/projects/phishbyhannah/static/processed/project/images-peopleinplace-phish-peopleinplaces-plow-ningaloo-2025-001_grid.jpg,/processed/project/images-peopleinplace-phish-peopleinplaces-plow-ningaloo-2025-001_grid.jpg,,,UNUSED
/Users/Hannah/clawd/projects/phishbyhannah/static/processed/project/images-peopleinplace-phish-peopleinplaces-plow-ningaloo-2025-001_large.jpg,/processed/project/images-peopleinplace-phish-peopleinplaces-plow-ningaloo-2025-001_large.jpg,,,UNUSED
/Users/Hannah/clawd/projects/phishbyhannah/static/processed/project/images-peopleinplace-phish-peopleinplaces-plow-ningaloo-2025-001_thumb.jpg,/processed/project/images-peopleinplace-phish-peopleinplaces-plow-ningaloo-2025-001_thumb.jpg,,,UNUSED
/Users/Hannah/clawd/projects/phishbyhannah/static/processed/project/images-peopleinplace-phish-peopleinplaces-plow-ningaloo-2025-003_fullpage.jpg,/processed/project/images-peopleinplace-phish-peopleinplaces-plow-ningaloo-2025-003_fullpage.jpg,,,UNUSED
/Users/Hannah/clawd/projects/phishbyhannah/static/processed/project/images-peopleinplace-phish-peopleinplaces-plow-ningaloo-2025-003_grid.jpg,/processed/project/images-peopleinplace-phish-peopleinplaces-plow-ningaloo-2025-003_grid.jpg,,,UNUSED
/Users/Hannah/clawd/projects/phishbyhannah/static/processed/project/images-peopleinplace-phish-peopleinplaces-plow-ningaloo-2025-003_large.jpg,/processed/project/images-peopleinplace-phish-peopleinplaces-plow-ningaloo-2025-003_large.jpg,,,UNUSED
/Users/Hannah/clawd/projects/phishbyhannah/static/processed/project/images-peopleinplace-phish-peopleinplaces-plow-ningaloo-2025-003_thumb.jpg,/processed/project/images-peopleinplace-phish-peopleinplaces-plow-ningaloo-2025-003_thumb.jpg,,,UNUSED
/Users/Hannah/clawd/projects/phishbyhannah/static/processed/project/images-peopleinplace-phish-peopleinplaces-plow-ningaloo-2025-006_fullpage.jpg,/processed/project/images-peopleinplace-phish-peopleinplaces-plow-ningaloo-2025-006_fullpage.jpg,,,UNUSED
/Users/Hannah/clawd/projects/phishbyhannah/static/processed/project/images-peopleinplace-phish-peopleinplaces-plow-ningaloo-2025-006_grid.jpg,/processed/project/images-peopleinplace-phish-peopleinplaces-plow-ningaloo-2025-006_grid.jpg,,,UNUSED
/Users/Hannah/clawd/projects/phishbyhannah/static/processed/project/images-peopleinplace-phish-peopleinplaces-plow-ningaloo-2025-006_large.jpg,/processed/project/images-peopleinplace-phish-peopleinplaces-plow-ningaloo-2025-006_large.jpg,,,UNUSED
/Users/Hannah/clawd/projects/phishbyhannah/static/processed/project/images-peopleinplace-phish-peopleinplaces-plow-ningaloo-2025-006_thumb.jpg,/processed/project/images-peopleinplace-phish-peopleinplaces-plow-ningaloo-2025-006_thumb.jpg,,,UNUSED
/Users/Hannah/clawd/projects/phishbyhannah/static/processed/project/images-peopleinplace-phish-peopleinplaces-sanch-ningaloo-2024-002_fullpage.jpg,/processed/project/images-peopleinplace-phish-peopleinplaces-sanch-ningaloo-2024-002_fullpage.jpg,,,UNUSED
/Users/Hannah/clawd/projects/phishbyhannah/static/processed/project/images-peopleinplace-phish-peopleinplaces-sanch-ningaloo-2024-002_grid.jpg,/processed/project/images-peopleinplace-phish-peopleinplaces-sanch-ningaloo-2024-002_grid.jpg,,,UNUSED
/Users/Hannah/clawd/projects/phishbyhannah/static/processed/project/images-peopleinplace-phish-peopleinplaces-sanch-ningaloo-2024-002_large.jpg,/processed/project/images-peopleinplace-phish-peopleinplaces-sanch-ningaloo-2024-002_large.jpg,,,UNUSED
/Users/Hannah/clawd/projects/phishbyhannah/static/processed/project/images-peopleinplace-phish-peopleinplaces-sanch-ningaloo-2024-002_thumb.jpg,/processed/project/images-peopleinplace-phish-peopleinplaces-sanch-ningaloo-2024-002_thumb.jpg,,,UNUSED
/Users/Hannah/clawd/projects/phishbyhannah/static/processed/project/images-peopleinplace-phish-peopleinplaces-sanch-ningaloo-2024-003_fullpage.jpg,/processed/project/images-peopleinplace-phish-peopleinplaces-sanch-ningaloo-2024-003_fullpage.jpg,,,UNUSED
/Users/Hannah/clawd/projects/phishbyhannah/static/processed/project/images-peopleinplace-phish-peopleinplaces-sanch-ningaloo-2024-003_grid.jpg,/processed/project/images-peopleinplace-phish-peopleinplaces-sanch-ningaloo-2024-003_grid.jpg,,,UNUSED
/Users/Hannah/clawd/projects/phishbyhannah/static/processed/project/images-peopleinplace-phish-peopleinplaces-sanch-ningaloo-2024-003_large.jpg,/processed/project/images-peopleinplace-phish-peopleinplaces-sanch-ningaloo-2024-003_large.jpg,,,UNUSED
/Users/Hannah/clawd/projects/phishbyhannah/static/processed/project/images-peopleinplace-phish-peopleinplaces-sanch-ningaloo-2024-003_thumb.jpg,/processed/project/images-peopleinplace-phish-peopleinplaces-sanch-ningaloo-2024-003_thumb.jpg,,,UNUSED
/Users/Hannah/clawd/projects/phishbyhannah/static/processed/project/images-peopleinplace-phish-peopleinplaces-sanch-ningaloo-2024-004_fullpage.jpg,/processed/project/images-peopleinplace-phish-peopleinplaces-sanch-ningaloo-2024-004_fullpage.jpg,,,UNUSED
/Users/Hannah/clawd/projects/phishbyhannah/static/processed/project/images-peopleinplace-phish-peopleinplaces-sanch-ningaloo-2024-004_grid.jpg,/processed/project/images-peopleinplace-phish-peopleinplaces-sanch-ningaloo-2024-004_grid.jpg,,,UNUSED
/Users/Hannah/clawd/projects/phishbyhannah/static/processed/project/images-peopleinplace-phish-peopleinplaces-sanch-ningaloo-2024-004_large.jpg,/processed/project/images-peopleinplace-phish-peopleinplaces-sanch-ningaloo-2024-004_large.jpg,,,UNUSED
/Users/Hannah/clawd/projects/phishbyhannah/static/processed/project/images-peopleinplace-phish-peopleinplaces-sanch-ningaloo-2024-004_thumb.jpg,/processed/project/images-peopleinplace-phish-peopleinplaces-sanch-ningaloo-2024-004_thumb.jpg,,,UNUSED
/Users/Hannah/clawd/projects/phishbyhannah/static/processed/project/images-peopleinplace-phish-peopleinplaces-sanch-ningaloo-2024-005_fullpage.jpg,/processed/project/images-peopleinplace-phish-peopleinplaces-sanch-ningaloo-2024-005_fullpage.jpg,,,UNUSED
/Users/Hannah/clawd/projects/phishbyhannah/static/processed/project/images-peopleinplace-phish-peopleinplaces-sanch-ningaloo-2024-005_grid.jpg,/processed/project/images-peopleinplace-phish-peopleinplaces-sanch-ningaloo-2024-005_grid.jpg,,,UNUSED
/Users/Hannah/clawd/projects/phishbyhannah/static/processed/project/images-peopleinplace-phish-peopleinplaces-sanch-ningaloo-2024-005_large.jpg,/processed/project/images-peopleinplace-phish-peopleinplaces-sanch-ningaloo-2024-005_large.jpg,,,UNUSED
/Users/Hannah/clawd/projects/phishbyhannah/static/processed/project/images-peopleinplace-phish-peopleinplaces-sanch-ningaloo-2024-005_thumb.jpg,/processed/project/images-peopleinplace-phish-peopleinplaces-sanch-ningaloo-2024-005_thumb.jpg,,,UNUSED
/Users/Hannah/clawd/projects/phishbyhannah/static/processed/project/images-peopleinplace-phish-peopleinplaces-sanch-ningaloo-2024-006_fullpage.jpg,/processed/project/images-peopleinplace-phish-peopleinplaces-sanch-ningaloo-2024-006_fullpage.jpg,,,UNUSED
/Users/Hannah/clawd/projects/phishbyhannah/static/processed/project/images-peopleinplace-phish-peopleinplaces-sanch-ningaloo-2024-006_grid.jpg,/processed/project/images-peopleinplace-phish-peopleinplaces-sanch-ningaloo-2024-006_grid.jpg,,,UNUSED
/Users/Hannah/clawd/projects/phishbyhannah/static/processed/project/images-peopleinplace-phish-peopleinplaces-sanch-ningaloo-2024-006_large.jpg,/processed/project/images-peopleinplace-phish-peopleinplaces-sanch-ningaloo-2024-006_large.jpg,,,UNUSED
/Users/Hannah/clawd/projects/phishbyhannah/static/processed/project/images-peopleinplace-phish-peopleinplaces-sanch-ningaloo-2024-006_thumb.jpg,/processed/project/images-peopleinplace-phish-peopleinplaces-sanch-ningaloo-2024-006_thumb.jpg,,,UNUSED
/Users/Hannah/clawd/projects/phishbyhannah/static/processed/project/images-peopleinplace-phish-peopleinplaces-sanch-ningaloo-2024-008_fullpage.jpg,/processed/project/images-peopleinplace-phish-peopleinplaces-sanch-ningaloo-2024-008_fullpage.jpg,,,UNUSED
/Users/Hannah/clawd/projects/phishbyhannah/static/processed/project/images-peopleinplace-phish-peopleinplaces-sanch-ningaloo-2024-008_grid.jpg,/processed/project/images-peopleinplace-phish-peopleinplaces-sanch-ningaloo-2024-008_grid.jpg,,,UNUSED
/Users/Hannah/clawd/projects/phishbyhannah/static/processed/project/images-peopleinplace-phish-peopleinplaces-sanch-ningaloo-2024-008_large.jpg,/processed/project/images-peopleinplace-phish-peopleinplaces-sanch-ningaloo-2024-008_large.jpg,,,UNUSED
/Users/Hannah/clawd/projects/phishbyhannah/static/processed/project/images-peopleinplace-phish-peopleinplaces-sanch-ningaloo-2024-008_thumb.jpg,/processed/project/images-peopleinplace-phish-peopleinplaces-sanch-ningaloo-2024-008_thumb.jpg,,,UNUSED
/Users/Hannah/clawd/projects/phishbyhannah/static/processed/project/images-peopleinplace-phish-peopleinplaces-winkie-ningaloo-2024-002_fullpage.jpg,/processed/project/images-peopleinplace-phish-peopleinplaces-winkie-ningaloo-2024-002_fullpage.jpg,,,UNUSED
/Users/Hannah/clawd/projects/phishbyhannah/static/processed/project/images-peopleinplace-phish-peopleinplaces-winkie-ningaloo-2024-002_grid.jpg,/processed/project/images-peopleinplace-phish-peopleinplaces-winkie-ningaloo-2024-002_grid.jpg,,,UNUSED
/Users/Hannah/clawd/projects/phishbyhannah/static/processed/project/images-peopleinplace-phish-peopleinplaces-winkie-ningaloo-2024-002_large.jpg,/processed/project/images-peopleinplace-phish-peopleinplaces-winkie-ningaloo-2024-002_large.jpg,,,UNUSED
/Users/Hannah/clawd/projects/phishbyhannah/static/processed/project/images-peopleinplace-phish-peopleinplaces-winkie-ningaloo-2024-002_thumb.jpg,/processed/project/images-peopleinplace-phish-peopleinplaces-winkie-ningaloo-2024-002_thumb.jpg,,,UNUSED
/Users/Hannah/clawd/projects/phishbyhannah/static/processed/project/images-peopleinplace-phish-peopleinplaces-winkie-ningaloo-2024-004_fullpage.jpg,/processed/project/images-peopleinplace-phish-peopleinplaces-winkie-ningaloo-2024-004_fullpage.jpg,,,UNUSED
/Users/Hannah/clawd/projects/phishbyhannah/static/processed/project/images-peopleinplace-phish-peopleinplaces-winkie-ningaloo-2024-004_grid.jpg,/processed/project/images-peopleinplace-phish-peopleinplaces-winkie-ningaloo-2024-004_grid.jpg,,,UNUSED
/Users/Hannah/clawd/projects/phishbyhannah/static/processed/project/images-peopleinplace-phish-peopleinplaces-winkie-ningaloo-2024-004_large.jpg,/processed/project/images-peopleinplace-phish-peopleinplaces-winkie-ningaloo-2024-004_large.jpg,,,UNUSED
/Users/Hannah/clawd/projects/phishbyhannah/static/processed/project/images-peopleinplace-phish-peopleinplaces-winkie-ningaloo-2024-004_thumb.jpg,/processed/project/images-peopleinplace-phish-peopleinplaces-winkie-ningaloo-2024-004_thumb.jpg,,,UNUSED
/Users/Hannah/clawd/projects/phishbyhannah/static/processed/project/images-phish-peopleinplaces-freedive-ningaloo-2024_fullpage.jpg,/processed/project/images-phish-peopleinplaces-freedive-ningaloo-2024_fullpage.jpg,,,UNUSED
/Users/Hannah/clawd/projects/phishbyhannah/static/processed/project/images-phish-peopleinplaces-freedive-ningaloo-2024_grid.jpg,/processed/project/images-phish-peopleinplaces-freedive-ningaloo-2024_grid.jpg,,,UNUSED
/Users/Hannah/clawd/projects/phishbyhannah/static/processed/project/images-phish-peopleinplaces-freedive-ningaloo-2024_large.jpg,/processed/project/images-phish-peopleinplaces-freedive-ningaloo-2024_large.jpg,,,UNUSED
/Users/Hannah/clawd/projects/phishbyhannah/static/processed/project/images-phish-peopleinplaces-freedive-ningaloo-2024_thumb.jpg,/processed/project/images-phish-peopleinplaces-freedive-ningaloo-2024_thumb.jpg,,,UNUSED
/Users/Hannah/clawd/projects/phishbyhannah/static/processed/project/images-waterhabitat-phish-waterhabitat-coral-raja-2024-002_fullpage.jpg,/processed/project/images-waterhabitat-phish-waterhabitat-coral-raja-2024-002_fullpage.jpg,,,UNUSED
/Users/Hannah/clawd/projects/phishbyhannah/static/processed/project/images-waterhabitat-phish-waterhabitat-coral-raja-2024-002_grid.jpg,/processed/project/images-waterhabitat-phish-waterhabitat-coral-raja-2024-002_grid.jpg,,,UNUSED
/Users/Hannah/clawd/projects/phishbyhannah/static/processed/project/images-waterhabitat-phish-waterhabitat-coral-raja-2024-002_large.jpg,/processed/project/images-waterhabitat-phish-waterhabitat-coral-raja-2024-002_large.jpg,,,UNUSED
/Users/Hannah/clawd/projects/phishbyhannah/static/processed/project/images-waterhabitat-phish-waterhabitat-coral-raja-2024-002_thumb.jpg,/processed/project/images-waterhabitat-phish-waterhabitat-coral-raja-2024-002_thumb.jpg,,,UNUSED
/Users/Hannah/clawd/projects/phishbyhannah/static/processed/project/images-waterhabitat-phish-waterhabitat-fish-ningaloo-2025-001_fullpage.jpg,/processed/project/images-waterhabitat-phish-waterhabitat-fish-ningaloo-2025-001_fullpage.jpg,,,UNUSED
/Users/Hannah/clawd/projects/phishbyhannah/static/processed/project/images-waterhabitat-phish-waterhabitat-fish-ningaloo-2025-001_grid.jpg,/processed/project/images-waterhabitat-phish-waterhabitat-fish-ningaloo-2025-001_grid.jpg,,,UNUSED
/Users/Hannah/clawd/projects/phishbyhannah/static/processed/project/images-waterhabitat-phish-waterhabitat-fish-ningaloo-2025-001_large.jpg,/processed/project/images-waterhabitat-phish-waterhabitat-fish-ningaloo-2025-001_large.jpg,,,UNUSED
/Users/Hannah/clawd/projects/phishbyhannah/static/processed/project/images-waterhabitat-phish-waterhabitat-fish-ningaloo-2025-001_thumb.jpg,/processed/project/images-waterhabitat-phish-waterhabitat-fish-ningaloo-2025-001_thumb.jpg,,,UNUSED
/Users/Hannah/clawd/projects/phishbyhannah/static/processed/project/images-waterhabitat-phish-waterhabitat-leopardshark-ningaloo-2025-006_fullpage.jpg,/processed/project/images-waterhabitat-phish-waterhabitat-leopardshark-ningaloo-2025-006_fullpage.jpg,,,UNUSED
/Users/Hannah/clawd/projects/phishbyhannah/static/processed/project/images-waterhabitat-phish-waterhabitat-leopardshark-ningaloo-2025-006_grid.jpg,/processed/project/images-waterhabitat-phish-waterhabitat-leopardshark-ningaloo-2025-006_grid.jpg,,,UNUSED
/Users/Hannah/clawd/projects/phishbyhannah/static/processed/project/images-waterhabitat-phish-waterhabitat-leopardshark-ningaloo-2025-006_large.jpg,/processed/project/images-waterhabitat-phish-waterhabitat-leopardshark-ningaloo-2025-006_large.jpg,,,UNUSED
/Users/Hannah/clawd/projects/phishbyhannah/static/processed/project/images-waterhabitat-phish-waterhabitat-leopardshark-ningaloo-2025-006_thumb.jpg,/processed/project/images-waterhabitat-phish-waterhabitat-leopardshark-ningaloo-2025-006_thumb.jpg,,,UNUSED
/Users/Hannah/clawd/projects/phishbyhannah/static/processed/project/images-waterhabitat-phish-waterhabitat-stingray-ningaloo-2024-001_fullpage.jpg,/processed/project/images-waterhabitat-phish-waterhabitat-stingray-ningaloo-2024-001_fullpage.jpg,,,UNUSED
/Users/Hannah/clawd/projects/phishbyhannah/static/processed/project/images-waterhabitat-phish-waterhabitat-stingray-ningaloo-2024-001_grid.jpg,/processed/project/images-waterhabitat-phish-waterhabitat-stingray-ningaloo-2024-001_grid.jpg,,,UNUSED
/Users/Hannah/clawd/projects/phishbyhannah/static/processed/project/images-waterhabitat-phish-waterhabitat-stingray-ningaloo-2024-001_large.jpg,/processed/project/images-waterhabitat-phish-waterhabitat-stingray-ningaloo-2024-001_large.jpg,,,UNUSED
/Users/Hannah/clawd/projects/phishbyhannah/static/processed/project/images-waterhabitat-phish-waterhabitat-stingray-ningaloo-2024-001_thumb.jpg,/processed/project/images-waterhabitat-phish-waterhabitat-stingray-ningaloo-2024-001_thumb.jpg,,,UNUSED
/Users/Hannah/clawd/projects/phishbyhannah/static/processed/project/images-waterhabitat-phish-waterhabitat-stingray-ningaloo-2024-003_fullpage.jpg,/processed/project/images-waterhabitat-phish-waterhabitat-stingray-ningaloo-2024-003_fullpage.jpg,,,UNUSED
/Users/Hannah/clawd/projects/phishbyhannah/static/processed/project/images-waterhabitat-phish-waterhabitat-stingray-ningaloo-2024-003_grid.jpg,/processed/project/images-waterhabitat-phish-waterhabitat-stingray-ningaloo-2024-003_grid.jpg,,,UNUSED
/Users/Hannah/clawd/projects/phishbyhannah/static/processed/project/images-waterhabitat-phish-waterhabitat-stingray-ningaloo-2024-003_large.jpg,/processed/project/images-waterhabitat-phish-waterhabitat-stingray-ningaloo-2024-003_large.jpg,,,UNUSED
/Users/Hannah/clawd/projects/phishbyhannah/static/processed/project/images-waterhabitat-phish-waterhabitat-stingray-ningaloo-2024-003_thumb.jpg,/processed/project/images-waterhabitat-phish-waterhabitat-stingray-ningaloo-2024-003_thumb.jpg,,,UNUSED
/Users/Hannah/clawd/projects/phishbyhannah/static/processed/project/images-waterhabitat-phish-waterhabitat-stingray-ningaloo-2024-004_fullpage.jpg,/processed/project/images-waterhabitat-phish-waterhabitat-stingray-ningaloo-2024-004_fullpage.jpg,,,UNUSED
/Users/Hannah/clawd/projects/phishbyhannah/static/processed/project/images-waterhabitat-phish-waterhabitat-stingray-ningaloo-2024-004_grid.jpg,/processed/project/images-waterhabitat-phish-waterhabitat-stingray-ningaloo-2024-004_grid.jpg,,,UNUSED
/Users/Hannah/clawd/projects/phishbyhannah/static/processed/project/images-waterhabitat-phish-waterhabitat-stingray-ningaloo-2024-004_large.jpg,/processed/project/images-waterhabitat-phish-waterhabitat-stingray-ningaloo-2024-004_large.jpg,,,UNUSED
/Users/Hannah/clawd/projects/phishbyhannah/static/processed/project/images-waterhabitat-phish-waterhabitat-stingray-ningaloo-2024-004_thumb.jpg,/processed/project/images-waterhabitat-phish-waterhabitat-stingray-ningaloo-2024-004_thumb.jpg,,,UNUSED
/Users/Hannah/clawd/projects/phishbyhannah/static/processed/project/images-waterhabitat-phish-waterhabitat-stingray-ningaloo-2024-006_fullpage.jpg,/processed/project/images-waterhabitat-phish-waterhabitat-stingray-ningaloo-2024-006_fullpage.jpg,,,UNUSED
/Users/Hannah/clawd/projects/phishbyhannah/static/processed/project/images-waterhabitat-phish-waterhabitat-stingray-ningaloo-2024-006_grid.jpg,/processed/project/images-waterhabitat-phish-waterhabitat-stingray-ningaloo-2024-006_grid.jpg,,,UNUSED
/Users/Hannah/clawd/projects/phishbyhannah/static/processed/project/images-waterhabitat-phish-waterhabitat-stingray-ningaloo-2024-006_large.jpg,/processed/project/images-waterhabitat-phish-waterhabitat-stingray-ningaloo-2024-006_large.jpg,,,UNUSED
/Users/Hannah/clawd/projects/phishbyhannah/static/processed/project/images-waterhabitat-phish-waterhabitat-stingray-ningaloo-2024-006_thumb.jpg,/processed/project/images-waterhabitat-phish-waterhabitat-stingray-ningaloo-2024-006_thumb.jpg,,,UNUSED
/Users/Hannah/clawd/projects/phishbyhannah/static/processed/project/images-waterhabitat-phish-waterhabitat-stingray-ningaloo-2024-007_fullpage.jpg,/processed/project/images-waterhabitat-phish-waterhabitat-stingray-ningaloo-2024-007_fullpage.jpg,,,UNUSED
/Users/Hannah/clawd/projects/phishbyhannah/static/processed/project/images-waterhabitat-phish-waterhabitat-stingray-ningaloo-2024-007_grid.jpg,/processed/project/images-waterhabitat-phish-waterhabitat-stingray-ningaloo-2024-007_grid.jpg,,,UNUSED
/Users/Hannah/clawd/projects/phishbyhannah/static/processed/project/images-waterhabitat-phish-waterhabitat-stingray-ningaloo-2024-007_large.jpg,/processed/project/images-waterhabitat-phish-waterhabitat-stingray-ningaloo-2024-007_large.jpg,,,UNUSED
/Users/Hannah/clawd/projects/phishbyhannah/static/processed/project/images-waterhabitat-phish-waterhabitat-stingray-ningaloo-2024-007_thumb.jpg,/processed/project/images-waterhabitat-phish-waterhabitat-stingray-ningaloo-2024-007_thumb.jpg,,,UNUSED
/Users/Hannah/clawd/projects/phishbyhannah/static/processed/project/images-waterhabitat-phish-waterhabitat-stingray-ningaloo-2024-009_fullpage.jpg,/processed/project/images-waterhabitat-phish-waterhabitat-stingray-ningaloo-2024-009_fullpage.jpg,,,UNUSED
/Users/Hannah/clawd/projects/phishbyhannah/static/processed/project/images-waterhabitat-phish-waterhabitat-stingray-ningaloo-2024-009_grid.jpg,/processed/project/images-waterhabitat-phish-waterhabitat-stingray-ningaloo-2024-009_grid.jpg,,,UNUSED
/Users/Hannah/clawd/projects/phishbyhannah/static/processed/project/images-waterhabitat-phish-waterhabitat-stingray-ningaloo-2024-009_large.jpg,/processed/project/images-waterhabitat-phish-waterhabitat-stingray-ningaloo-2024-009_large.jpg,,,UNUSED
/Users/Hannah/clawd/projects/phishbyhannah/static/processed/project/images-waterhabitat-phish-waterhabitat-stingray-ningaloo-2024-009_thumb.jpg,/processed/project/images-waterhabitat-phish-waterhabitat-stingray-ningaloo-2024-009_thumb.jpg,,,UNUSED
/Users/Hannah/clawd/projects/phishbyhannah/static/processed/project/images-waterhabitat-phish-waterhabitat-whale-ningaloo-2024-001_fullpage.jpg,/processed/project/images-waterhabitat-phish-waterhabitat-whale-ningaloo-2024-001_fullpage.jpg,,,UNUSED
/Users/Hannah/clawd/projects/phishbyhannah/static/processed/project/images-waterhabitat-phish-waterhabitat-whale-ningaloo-2024-001_grid.jpg,/processed/project/images-waterhabitat-phish-waterhabitat-whale-ningaloo-2024-001_grid.jpg,,,UNUSED
/Users/Hannah/clawd/projects/phishbyhannah/static/processed/project/images-waterhabitat-phish-waterhabitat-whale-ningaloo-2024-001_large.jpg,/processed/project/images-waterhabitat-phish-waterhabitat-whale-ningaloo-2024-001_large.jpg,,,UNUSED
/Users/Hannah/clawd/projects/phishbyhannah/static/processed/project/images-waterhabitat-phish-waterhabitat-whale-ningaloo-2024-001_thumb.jpg,/processed/project/images-waterhabitat-phish-waterhabitat-whale-ningaloo-2024-001_thumb.jpg,,,UNUSED
/Users/Hannah/clawd/projects/phishbyhannah/static/processed/project/images-waterhabitat-phish-waterhabitat-whale-ningaloo-2024-003_fullpage.jpg,/processed/project/images-waterhabitat-phish-waterhabitat-whale-ningaloo-2024-003_fullpage.jpg,,,UNUSED
/Users/Hannah/clawd/projects/phishbyhannah/static/processed/project/images-waterhabitat-phish-waterhabitat-whale-ningaloo-2024-003_grid.jpg,/processed/project/images-waterhabitat-phish-waterhabitat-whale-ningaloo-2024-003_grid.jpg,,,UNUSED
/Users/Hannah/clawd/projects/phishbyhannah/static/processed/project/images-waterhabitat-phish-waterhabitat-whale-ningaloo-2024-003_large.jpg,/processed/project/images-waterhabitat-phish-waterhabitat-whale-ningaloo-2024-003_large.jpg,,,UNUSED
/Users/Hannah/clawd/projects/phishbyhannah/static/processed/project/images-waterhabitat-phish-waterhabitat-whale-ningaloo-2024-003_thumb.jpg,/processed/project/images-waterhabitat-phish-waterhabitat-whale-ningaloo-2024-003_thumb.jpg,,,UNUSED
/Users/Hannah/clawd/projects/phishbyhannah/static/processed/project/images-waterhabitat-phish-waterhabitat-whale-ningaloo-2024-004_fullpage.jpg,/processed/project/images-waterhabitat-phish-waterhabitat-whale-ningaloo-2024-004_fullpage.jpg,,,UNUSED
/Users/Hannah/clawd/projects/phishbyhannah/static/processed/project/images-waterhabitat-phish-waterhabitat-whale-ningaloo-2024-004_grid.jpg,/processed/project/images-waterhabitat-phish-waterhabitat-whale-ningaloo-2024-004_grid.jpg,,,UNUSED
/Users/Hannah/clawd/projects/phishbyhannah/static/processed/project/images-waterhabitat-phish-waterhabitat-whale-ningaloo-2024-004_large.jpg,/processed/project/images-waterhabitat-phish-waterhabitat-whale-ningaloo-2024-004_large.jpg,,,UNUSED
/Users/Hannah/clawd/projects/phishbyhannah/static/processed/project/images-waterhabitat-phish-waterhabitat-whale-ningaloo-2024-004_thumb.jpg,/processed/project/images-waterhabitat-phish-waterhabitat-whale-ningaloo-2024-004_thumb.jpg,,,UNUSED
/Users/Hannah/clawd/projects/phishbyhannah/static/processed/project/images-waterhabitat-phish-waterhabitat-whale-ningaloo-2024-005_fullpage.jpg,/processed/project/images-waterhabitat-phish-waterhabitat-whale-ningaloo-2024-005_fullpage.jpg,,,UNUSED
/Users/Hannah/clawd/projects/phishbyhannah/static/processed/project/images-waterhabitat-phish-waterhabitat-whale-ningaloo-2024-005_grid.jpg,/processed/project/images-waterhabitat-phish-waterhabitat-whale-ningaloo-2024-005_grid.jpg,,,UNUSED
/Users/Hannah/clawd/projects/phishbyhannah/static/processed/project/images-waterhabitat-phish-waterhabitat-whale-ningaloo-2024-005_large.jpg,/processed/project/images-waterhabitat-phish-waterhabitat-whale-ningaloo-2024-005_large.jpg,,,UNUSED
/Users/Hannah/clawd/projects/phishbyhannah/static/processed/project/images-waterhabitat-phish-waterhabitat-whale-ningaloo-2024-005_thumb.jpg,/processed/project/images-waterhabitat-phish-waterhabitat-whale-ningaloo-2024-005_thumb.jpg,,,UNUSED
/Users/Hannah/clawd/projects/phishbyhannah/static/processed/project/images-waterhabitat-phish-waterhabitat-whale-ningaloo-2024-007_fullpage.jpg,/processed/project/images-waterhabitat-phish-waterhabitat-whale-ningaloo-2024-007_fullpage.jpg,,,UNUSED
/Users/Hannah/clawd/projects/phishbyhannah/static/processed/project/images-waterhabitat-phish-waterhabitat-whale-ningaloo-2024-007_grid.jpg,/processed/project/images-waterhabitat-phish-waterhabitat-whale-ningaloo-2024-007_grid.jpg,,,UNUSED
/Users/Hannah/clawd/projects/phishbyhannah/static/processed/project/images-waterhabitat-phish-waterhabitat-whale-ningaloo-2024-007_large.jpg,/processed/project/images-waterhabitat-phish-waterhabitat-whale-ningaloo-2024-007_large.jpg,,,UNUSED
/Users/Hannah/clawd/projects/phishbyhannah/static/processed/project/images-waterhabitat-phish-waterhabitat-whale-ningaloo-2024-007_thumb.jpg,/processed/project/images-waterhabitat-phish-waterhabitat-whale-ningaloo-2024-007_thumb.jpg,,,UNUSED
/Users/Hannah/clawd/projects/phishbyhannah/static/processed/project/images-waterhabitat-phish-waterhabitat-whale-tonga-2025-012_fullpage.jpg,/processed/project/images-waterhabitat-phish-waterhabitat-whale-tonga-2025-012_fullpage.jpg,,,UNUSED
/Users/Hannah/clawd/projects/phishbyhannah/static/processed/project/images-waterhabitat-phish-waterhabitat-whale-tonga-2025-012_grid.jpg,/processed/project/images-waterhabitat-phish-waterhabitat-whale-tonga-2025-012_grid.jpg,,,UNUSED
/Users/Hannah/clawd/projects/phishbyhannah/static/processed/project/images-waterhabitat-phish-waterhabitat-whale-tonga-2025-012_large.jpg,/processed/project/images-waterhabitat-phish-waterhabitat-whale-tonga-2025-012_large.jpg,,,UNUSED
/Users/Hannah/clawd/projects/phishbyhannah/static/processed/project/images-waterhabitat-phish-waterhabitat-whale-tonga-2025-012_thumb.jpg,/processed/project/images-waterhabitat-phish-waterhabitat-whale-tonga-2025-012_thumb.jpg,,,UNUSED
/Users/Hannah/clawd/projects/phishbyhannah/static/processed/project/images-waterhabitat-phish-waterhabitat-whale-tonga-2025-013_fullpage.jpg,/processed/project/images-waterhabitat-phish-waterhabitat-whale-tonga-2025-013_fullpage.jpg,,,UNUSED
/Users/Hannah/clawd/projects/phishbyhannah/static/processed/project/images-waterhabitat-phish-waterhabitat-whale-tonga-2025-013_grid.jpg,/processed/project/images-waterhabitat-phish-waterhabitat-whale-tonga-2025-013_grid.jpg,,,UNUSED
/Users/Hannah/clawd/projects/phishbyhannah/static/processed/project/images-waterhabitat-phish-waterhabitat-whale-tonga-2025-013_large.jpg,/processed/project/images-waterhabitat-phish-waterhabitat-whale-tonga-2025-013_large.jpg,,,UNUSED
/Users/Hannah/clawd/projects/phishbyhannah/static/processed/project/images-waterhabitat-phish-waterhabitat-whale-tonga-2025-013_thumb.jpg,/processed/project/images-waterhabitat-phish-waterhabitat-whale-tonga-2025-013_thumb.jpg,,,UNUSED
/Users/Hannah/clawd/projects/phishbyhannah/static/processed/project/images-waterhabitat-phish-waterhabitat-whaleguest-tonga-2025-001_fullpage.jpg,/processed/project/images-waterhabitat-phish-waterhabitat-whaleguest-tonga-2025-001_fullpage.jpg,,,UNUSED
/Users/Hannah/clawd/projects/phishbyhannah/static/processed/project/images-waterhabitat-phish-waterhabitat-whaleguest-tonga-2025-001_grid.jpg,/processed/project/images-waterhabitat-phish-waterhabitat-whaleguest-tonga-2025-001_grid.jpg,,,UNUSED
/Users/Hannah/clawd/projects/phishbyhannah/static/processed/project/images-waterhabitat-phish-waterhabitat-whaleguest-tonga-2025-001_large.jpg,/processed/project/images-waterhabitat-phish-waterhabitat-whaleguest-tonga-2025-001_large.jpg,,,UNUSED
/Users/Hannah/clawd/projects/phishbyhannah/static/processed/project/images-waterhabitat-phish-waterhabitat-whaleguest-tonga-2025-001_thumb.jpg,/processed/project/images-waterhabitat-phish-waterhabitat-whaleguest-tonga-2025-001_thumb.jpg,,,UNUSED
/Users/Hannah/clawd/projects/phishbyhannah/static/processed/project/images-waterhabitat-phish-waterhabitat-whalepec-tonga-2025-002_fullpage.jpg,/processed/project/images-waterhabitat-phish-waterhabitat-whalepec-tonga-2025-002_fullpage.jpg,,,UNUSED
/Users/Hannah/clawd/projects/phishbyhannah/static/processed/project/images-waterhabitat-phish-waterhabitat-whalepec-tonga-2025-002_grid.jpg,/processed/project/images-waterhabitat-phish-waterhabitat-whalepec-tonga-2025-002_grid.jpg,,,UNUSED
/Users/Hannah/clawd/projects/phishbyhannah/static/processed/project/images-waterhabitat-phish-waterhabitat-whalepec-tonga-2025-002_large.jpg,/processed/project/images-waterhabitat-phish-waterhabitat-whalepec-tonga-2025-002_large.jpg,,,UNUSED
/Users/Hannah/clawd/projects/phishbyhannah/static/processed/project/images-waterhabitat-phish-waterhabitat-whalepec-tonga-2025-002_thumb.jpg,/processed/project/images-waterhabitat-phish-waterhabitat-whalepec-tonga-2025-002_thumb.jpg,,,UNUSED
/Users/Hannah/clawd/projects/phishbyhannah/static/processed/project/images-waterhabitat-phish-waterhabitat-whaleshark-ningaloo-2024-009_fullpage.jpg,/processed/project/images-waterhabitat-phish-waterhabitat-whaleshark-ningaloo-2024-009_fullpage.jpg,,,UNUSED
/Users/Hannah/clawd/projects/phishbyhannah/static/processed/project/images-waterhabitat-phish-waterhabitat-whaleshark-ningaloo-2024-009_grid.jpg,/processed/project/images-waterhabitat-phish-waterhabitat-whaleshark-ningaloo-2024-009_grid.jpg,,,UNUSED
/Users/Hannah/clawd/projects/phishbyhannah/static/processed/project/images-waterhabitat-phish-waterhabitat-whaleshark-ningaloo-2024-009_large.jpg,/processed/project/images-waterhabitat-phish-waterhabitat-whaleshark-ningaloo-2024-009_large.jpg,,,UNUSED
/Users/Hannah/clawd/projects/phishbyhannah/static/processed/project/images-waterhabitat-phish-waterhabitat-whaleshark-ningaloo-2024-009_thumb.jpg,/processed/project/images-waterhabitat-phish-waterhabitat-whaleshark-ningaloo-2024-009_thumb.jpg,,,UNUSED
/Users/Hannah/clawd/projects/phishbyhannah/static/processed/project/images-waterhabitat-phish-waterhabitat-whaleshark-ningaloo-2025-001_grid.jpg,/processed/project/images-waterhabitat-phish-waterhabitat-whaleshark-ningaloo-2025-001_grid.jpg,,,UNUSED
/Users/Hannah/clawd/projects/phishbyhannah/static/processed/project/images-waterhabitat-phish-waterhabitat-whaleshark-ningaloo-2025-001_large.jpg,/processed/project/images-waterhabitat-phish-waterhabitat-whaleshark-ningaloo-2025-001_large.jpg,,,UNUSED
/Users/Hannah/clawd/projects/phishbyhannah/static/processed/project/images-waterhabitat-phish-waterhabitat-whaleshark-ningaloo-2025-001_thumb.jpg,/processed/project/images-waterhabitat-phish-waterhabitat-whaleshark-ningaloo-2025-001_thumb.jpg,,,UNUSED
/Users/Hannah/clawd/projects/phishbyhannah/static/processed/project/images-waterhabitat-phish-waterhabitate-bleech-ningaloo-2025-002_fullpage.jpg,/processed/project/images-waterhabitat-phish-waterhabitate-bleech-ningaloo-2025-002_fullpage.jpg,,,UNUSED
/Users/Hannah/clawd/projects/phishbyhannah/static/processed/project/images-waterhabitat-phish-waterhabitate-bleech-ningaloo-2025-002_grid.jpg,/processed/project/images-waterhabitat-phish-waterhabitate-bleech-ningaloo-2025-002_grid.jpg,,,UNUSED
/Users/Hannah/clawd/projects/phishbyhannah/static/processed/project/images-waterhabitat-phish-waterhabitate-bleech-ningaloo-2025-002_large.jpg,/processed/project/images-waterhabitat-phish-waterhabitate-bleech-ningaloo-2025-002_large.jpg,,,UNUSED
/Users/Hannah/clawd/projects/phishbyhannah/static/processed/project/images-waterhabitat-phish-waterhabitate-bleech-ningaloo-2025-002_thumb.jpg,/processed/project/images-waterhabitat-phish-waterhabitate-bleech-ningaloo-2025-002_thumb.jpg,,,UNUSED
